YEAR,STATE,STATE_CODE,FUEL_SOURCE,FUEL_CODE,GENERATION_MWH,TOTAL_MWH,PCT_OF_TOTAL,ENERGY_TYPE
2001,Alabama,AL,Coal,COL,72198.114,120713.388,59.81,Fossil
2002,Alabama,AL,Coal,COL,72041.664,128739.98300000001,55.96,Fossil
2003,Alabama,AL,Coal,COL,76696.391,133452.177,57.47,Fossil
2004,Alabama,AL,Coal,COL,74831.62435,133252.59556,56.16,Fossil
2005,Alabama,AL,Coal,COL,78128.45747,133943.57598,58.33,Fossil
2006,Alabama,AL,Coal,COL,78108.66818,136809.88058,57.09,Fossil
2007,Alabama,AL,Coal,COL,77993.76036,139865.1458,55.76,Fossil
2008,Alabama,AL,Coal,COL,74604.64796,142300.09455,52.43,Fossil
2009,Alabama,AL,Coal,COL,55608.72382,139612.11131,39.83,Fossil
2010,Alabama,AL,Coal,COL,63050.41062,149207.22807,42.26,Fossil
2011,Alabama,AL,Coal,COL,56807.35302,153019.66106,37.12,Fossil
2012,Alabama,AL,Coal,COL,45606.91978,149766.00738,30.45,Fossil
2013,Alabama,AL,Coal,COL,47050.48393,147619.91773000002,31.87,Fossil
2014,Alabama,AL,Coal,COL,47301.62625,146462.66509999998,32.3,Fossil
2015,Alabama,AL,Coal,COL,41410.42949,149103.93475000001,27.77,Fossil
2016,Alabama,AL,Coal,COL,34258.40552,139004.02005,24.65,Fossil
2017,Alabama,AL,Coal,COL,31440.40111,136502.87855,23.03,Fossil
2018,Alabama,AL,Coal,COL,31777.52001,141545.96032,22.45,Fossil
2019,Alabama,AL,Coal,COL,26655.06754,139302.11181,19.13,Fossil
2020,Alabama,AL,Coal,COL,21729.52443,134223.45701,16.19,Fossil
2021,Alabama,AL,Coal,COL,26900.90936,139400.14216,19.3,Fossil
2022,Alabama,AL,Coal,COL,25943.99013,141557.87876,18.33,Fossil
2023,Alabama,AL,Coal,COL,19181.95839,136239.83937,14.08,Fossil
2024,Alabama,AL,Coal,COL,20936.16598,139634.52532000002,14.99,Fossil
2025,Alabama,AL,Coal,COL,21661.51237,138761.39927,15.61,Fossil
2001,Alabama,AL,Natural Gas,NG,9612.682,120713.388,7.96,Fossil
2002,Alabama,AL,Natural Gas,NG,15904.065,128739.98300000001,12.35,Fossil
2003,Alabama,AL,Natural Gas,NG,12243.598,133452.177,9.17,Fossil
2004,Alabama,AL,Natural Gas,NG,15977.01923,133252.59556,11.99,Fossil
2005,Alabama,AL,Natural Gas,NG,13869.45085,133943.57598,10.35,Fossil
2006,Alabama,AL,Natural Gas,NG,19407.2217,136809.88058,14.19,Fossil
2007,Alabama,AL,Natural Gas,NG,23231.77629,139865.1458,16.61,Fossil
2008,Alabama,AL,Natural Gas,NG,22362.91875,142300.09455,15.72,Fossil
2009,Alabama,AL,Natural Gas,NG,31617.08268,139612.11131,22.65,Fossil
2010,Alabama,AL,Natural Gas,NG,39235.01714,149207.22807,26.3,Fossil
2011,Alabama,AL,Natural Gas,NG,47681.05394,153019.66106,31.16,Fossil
2012,Alabama,AL,Natural Gas,NG,55705.00044,149766.00738,37.19,Fossil
2013,Alabama,AL,Natural Gas,NG,46586.38525,147619.91773000002,31.56,Fossil
2014,Alabama,AL,Natural Gas,NG,48270.07438,146462.66509999998,32.96,Fossil
2015,Alabama,AL,Natural Gas,NG,55844.4567,149103.93475000001,37.45,Fossil
2016,Alabama,AL,Natural Gas,NG,57803.61849,139004.02005,41.58,Fossil
2017,Alabama,AL,Natural Gas,NG,52983.66286,136502.87855,38.82,Fossil
2018,Alabama,AL,Natural Gas,NG,58800.41864,141545.96032,41.54,Fossil
2019,Alabama,AL,Natural Gas,NG,57197.37016,139302.11181,41.06,Fossil
2020,Alabama,AL,Natural Gas,NG,55224.99865,134223.45701,41.14,Fossil
2021,Alabama,AL,Natural Gas,NG,54447.87499,139400.14216,39.06,Fossil
2022,Alabama,AL,Natural Gas,NG,62217.4453,141557.87876,43.95,Fossil
2023,Alabama,AL,Natural Gas,NG,61848.36703,136239.83937,45.4,Fossil
2024,Alabama,AL,Natural Gas,NG,64598.75135,139634.52532000002,46.26,Fossil
2025,Alabama,AL,Natural Gas,NG,64818.73261,138761.39927,46.71,Fossil
2001,Alabama,AL,Nuclear,NUC,30357.063,120713.388,25.15,Clean
2002,Alabama,AL,Nuclear,NUC,31856.926,128739.98300000001,24.75,Clean
2003,Alabama,AL,Nuclear,NUC,31676.953,133452.177,23.74,Clean
2004,Alabama,AL,Nuclear,NUC,31635.789,133252.59556,23.74,Clean
2005,Alabama,AL,Nuclear,NUC,31694.223,133943.57598,23.66,Clean
2006,Alabama,AL,Nuclear,NUC,31911.096,136809.88058,23.33,Clean
2007,Alabama,AL,Nuclear,NUC,34325.127,139865.1458,24.54,Clean
2008,Alabama,AL,Nuclear,NUC,38992.641,142300.09455,27.4,Clean
2009,Alabama,AL,Nuclear,NUC,39716.204,139612.11131,28.45,Clean
2010,Alabama,AL,Nuclear,NUC,37940.821,149207.22807,25.43,Clean
2011,Alabama,AL,Nuclear,NUC,39356.122,153019.66106,25.72,Clean
2012,Alabama,AL,Nuclear,NUC,40841.212,149766.00738,27.27,Clean
2013,Alabama,AL,Nuclear,NUC,40816.135,147619.91773000002,27.65,Clean
2014,Alabama,AL,Nuclear,NUC,41243.689,146462.66509999998,28.16,Clean
2015,Alabama,AL,Nuclear,NUC,41951.382,149103.93475000001,28.14,Clean
2016,Alabama,AL,Nuclear,NUC,39901.879,139004.02005,28.71,Clean
2017,Alabama,AL,Nuclear,NUC,42651.973,136502.87855,31.25,Clean
2018,Alabama,AL,Nuclear,NUC,39462.827,141545.96032,27.88,Clean
2019,Alabama,AL,Nuclear,NUC,43656.862,139302.11181,31.34,Clean
2020,Alabama,AL,Nuclear,NUC,43550.647,134223.45701,32.45,Clean
2021,Alabama,AL,Nuclear,NUC,46036.489,139400.14216,33.02,Clean
2022,Alabama,AL,Nuclear,NUC,42313.657,141557.87876,29.89,Clean
2023,Alabama,AL,Nuclear,NUC,45579.039,136239.83937,33.46,Clean
2024,Alabama,AL,Nuclear,NUC,44487.194,139634.52532000002,31.86,Clean
2025,Alabama,AL,Nuclear,NUC,42672.668,138761.39927,30.75,Clean
2001,Alabama,AL,Hydroelectric,HYC,8356.382,120713.388,6.92,Clean
2002,Alabama,AL,Hydroelectric,HYC,8824.787,128739.98300000001,6.85,Clean
2003,Alabama,AL,Hydroelectric,HYC,12664.867,133452.177,9.49,Clean
2004,Alabama,AL,Hydroelectric,HYC,10626.221,133252.59556,7.97,Clean
2005,Alabama,AL,Hydroelectric,HYC,10144.581,133943.57598,7.57,Clean
2006,Alabama,AL,Hydroelectric,HYC,7251.786,136809.88058,5.3,Clean
2007,Alabama,AL,Hydroelectric,HYC,4136.114,139865.1458,2.96,Clean
2008,Alabama,AL,Hydroelectric,HYC,6136.148,142300.09455,4.31,Clean
2009,Alabama,AL,Hydroelectric,HYC,12535.373,139612.11131,8.98,Clean
2010,Alabama,AL,Hydroelectric,HYC,8704.254,149207.22807,5.83,Clean
2011,Alabama,AL,Hydroelectric,HYC,8883.598,153019.66106,5.81,Clean
2012,Alabama,AL,Hydroelectric,HYC,7435.223,149766.00738,4.96,Clean
2013,Alabama,AL,Hydroelectric,HYC,12899.178,147619.91773000002,8.74,Clean
2014,Alabama,AL,Hydroelectric,HYC,9466.872,146462.66509999998,6.46,Clean
2015,Alabama,AL,Hydroelectric,HYC,9861.80423,149103.93475000001,6.61,Clean
2016,Alabama,AL,Hydroelectric,HYC,6984.803,139004.02005,5.02,Clean
2017,Alabama,AL,Hydroelectric,HYC,9237.323,136502.87855,6.77,Clean
2018,Alabama,AL,Hydroelectric,HYC,11143.139,141545.96032,7.87,Clean
2019,Alabama,AL,Hydroelectric,HYC,11405.216,139302.11181,8.19,Clean
2020,Alabama,AL,Hydroelectric,HYC,13349.134,134223.45701,9.95,Clean
2021,Alabama,AL,Hydroelectric,HYC,11520.809,139400.14216,8.26,Clean
2022,Alabama,AL,Hydroelectric,HYC,10188.211,141557.87876,7.2,Clean
2023,Alabama,AL,Hydroelectric,HYC,8429.721,136239.83937,6.19,Clean
2024,Alabama,AL,Hydroelectric,HYC,8357.262,139634.52532000002,5.99,Clean
2025,Alabama,AL,Hydroelectric,HYC,8276.37534,138761.39927,5.96,Clean
2016,Alabama,AL,Solar,SUN,31.261,139004.02005,0.02,Clean
2017,Alabama,AL,Solar,SUN,180.68824,136502.87855,0.13,Clean
2018,Alabama,AL,Solar,SUN,357.252,141545.96032,0.25,Clean
2019,Alabama,AL,Solar,SUN,384.939,139302.11181,0.28,Clean
2020,Alabama,AL,Solar,SUN,368.74248,134223.45701,0.27,Clean
2021,Alabama,AL,Solar,SUN,493.995,139400.14216,0.35,Clean
2022,Alabama,AL,Solar,SUN,894.571,141557.87876,0.63,Clean
2023,Alabama,AL,Solar,SUN,1200.72242,136239.83937,0.88,Clean
2024,Alabama,AL,Solar,SUN,1255.147,139634.52532000002,0.9,Clean
2025,Alabama,AL,Solar,SUN,1332.11095,138761.39927,0.96,Clean
2001,Alabama,AL,Other,OOG,189.147,120713.388,0.16,Other
2002,Alabama,AL,Other,OOG,112.541,128739.98300000001,0.09,Other
2003,Alabama,AL,Other,OOG,170.368,133452.177,0.13,Other
2004,Alabama,AL,Other,OOG,181.94198,133252.59556,0.14,Other
2005,Alabama,AL,Other,OOG,106.86366,133943.57598,0.08,Other
2006,Alabama,AL,Other,OOG,131.1087,136809.88058,0.1,Other
2007,Alabama,AL,Other,OOG,178.36815,139865.1458,0.13,Other
2008,Alabama,AL,Other,OOG,203.73884,142300.09455,0.14,Other
2009,Alabama,AL,Other,OOG,134.72781,139612.11131,0.1,Other
2010,Alabama,AL,Other,OOG,276.72531,149207.22807,0.19,Other
2011,Alabama,AL,Other,OOG,291.5341,153019.66106,0.19,Other
2012,Alabama,AL,Other,OOG,177.65216,149766.00738,0.12,Other
2013,Alabama,AL,Other,OOG,267.73555,147619.91773000002,0.18,Other
2014,Alabama,AL,Other,OOG,180.40347,146462.66509999998,0.12,Other
2015,Alabama,AL,Other,OOG,35.86233,149103.93475000001,0.02,Other
2016,Alabama,AL,Other,OOG,24.05304,139004.02005,0.02,Other
2017,Alabama,AL,Other,OOG,8.83034,136502.87855,0.01,Other
2018,Alabama,AL,Other,OOG,4.80367,141545.96032,0.0,Other
2019,Alabama,AL,Other,OOG,2.65711,139302.11181,0.0,Other
2020,Alabama,AL,Other,OOG,0.41045,134223.45701,0.0,Other
2021,Alabama,AL,Other,OOG,0.06481,139400.14216,0.0,Other
2022,Alabama,AL,Other,OOG,0.00433,141557.87876,0.0,Other
2023,Alabama,AL,Other,OOG,0.03153,136239.83937,0.0,Other
2024,Alabama,AL,Other,OOG,0.00499,139634.52532000002,0.0,Other
2001,Arkansas,AR,Coal,COL,24764.471,44800.41,55.28,Fossil
2002,Arkansas,AR,Coal,COL,23098.37,45696.041,50.55,Fossil
2003,Arkansas,AR,Coal,COL,23504.166,48149.061,48.82,Fossil
2004,Arkansas,AR,Coal,COL,25353.56267,49515.61639,51.2,Fossil
2005,Arkansas,AR,Coal,COL,23037.14363,45814.89023,50.28,Fossil
2006,Arkansas,AR,Coal,COL,24183.04986,50248.570609999995,48.13,Fossil
2007,Arkansas,AR,Coal,COL,25744.17986,52831.2857,48.73,Fossil
2008,Arkansas,AR,Coal,COL,26114.65406,53404.11553,48.9,Fossil
2009,Arkansas,AR,Coal,COL,25075.25031,55659.33553,45.05,Fossil
2010,Arkansas,AR,Coal,COL,28152.4451,59303.16244,47.47,Fossil
2011,Arkansas,AR,Coal,COL,29418.19545,59517.16729,49.43,Fossil
2012,Arkansas,AR,Coal,COL,28430.92991,63239.94585,44.96,Fossil
2013,Arkansas,AR,Coal,COL,31889.23455,58628.60907,54.39,Fossil
2014,Arkansas,AR,Coal,COL,33220.75479,59952.49782,55.41,Fossil
2015,Arkansas,AR,Coal,COL,21740.03278,54014.23457,40.25,Fossil
2016,Arkansas,AR,Coal,COL,23800.07046,58988.40747,40.35,Fossil
2017,Arkansas,AR,Coal,COL,26285.43475,59265.00381,44.35,Fossil
2018,Arkansas,AR,Coal,COL,29996.10061,66552.8113,45.07,Fossil
2019,Arkansas,AR,Coal,COL,23313.20066,63005.57881,37.0,Fossil
2020,Arkansas,AR,Coal,COL,15420.99772,53594.14633,28.77,Fossil
2021,Arkansas,AR,Coal,COL,21418.87684,60094.65438,35.64,Fossil
2022,Arkansas,AR,Coal,COL,20360.86942,64927.065299999995,31.36,Fossil
2023,Arkansas,AR,Coal,COL,16844.43645,62330.68552,27.02,Fossil
2024,Arkansas,AR,Coal,COL,15660.35535,60611.99525,25.84,Fossil
2025,Arkansas,AR,Coal,COL,20379.59237,65587.57325,31.07,Fossil
2001,Arkansas,AR,Natural Gas,NG,2706.9,44800.41,6.04,Fossil
2002,Arkansas,AR,Natural Gas,NG,4602.958,45696.041,10.07,Fossil
2003,Arkansas,AR,Natural Gas,NG,7300.861,48149.061,15.16,Fossil
2004,Arkansas,AR,Natural Gas,NG,5068.76372,49515.61639,10.24,Fossil
2005,Arkansas,AR,Natural Gas,NG,6005.6596,45814.89023,13.11,Fossil
2006,Arkansas,AR,Natural Gas,NG,9282.38575,50248.570609999995,18.47,Fossil
2007,Arkansas,AR,Natural Gas,NG,8364.25084,52831.2857,15.83,Fossil
2008,Arkansas,AR,Natural Gas,NG,8461.07347,53404.11553,15.84,Fossil
2009,Arkansas,AR,Natural Gas,NG,11221.41322,55659.33553,20.16,Fossil
2010,Arkansas,AR,Natural Gas,NG,12469.07734,59303.16244,21.03,Fossil
2011,Arkansas,AR,Natural Gas,NG,12946.68184,59517.16729,21.75,Fossil
2012,Arkansas,AR,Natural Gas,NG,17117.41294,63239.94585,27.07,Fossil
2013,Arkansas,AR,Natural Gas,NG,12139.37708,58628.60907,20.71,Fossil
2014,Arkansas,AR,Natural Gas,NG,9613.70803,59952.49782,16.04,Fossil
2015,Arkansas,AR,Natural Gas,NG,14866.28582,54014.23457,27.52,Fossil
2016,Arkansas,AR,Natural Gas,NG,18171.18701,58988.40747,30.8,Fossil
2017,Arkansas,AR,Natural Gas,NG,17314.36954,59265.00381,29.22,Fossil
2018,Arkansas,AR,Natural Gas,NG,20623.70469,66552.8113,30.99,Fossil
2019,Arkansas,AR,Natural Gas,NG,21772.4002,63005.57881,34.56,Fossil
2020,Arkansas,AR,Natural Gas,NG,18307.32675,53594.14633,34.16,Fossil
2021,Arkansas,AR,Natural Gas,NG,20629.13354,60094.65438,34.33,Fossil
2022,Arkansas,AR,Natural Gas,NG,26037.4328,64927.065299999995,40.1,Fossil
2023,Arkansas,AR,Natural Gas,NG,26487.46658,62330.68552,42.5,Fossil
2024,Arkansas,AR,Natural Gas,NG,24725.30663,60611.99525,40.79,Fossil
2025,Arkansas,AR,Natural Gas,NG,22038.04251,65587.57325,33.6,Fossil
2001,Arkansas,AR,Nuclear,NUC,14780.789,44800.41,32.99,Clean
2002,Arkansas,AR,Nuclear,NUC,14558.884,45696.041,31.86,Clean
2003,Arkansas,AR,Nuclear,NUC,14689.416,48149.061,30.51,Clean
2004,Arkansas,AR,Nuclear,NUC,15449.851,49515.61639,31.2,Clean
2005,Arkansas,AR,Nuclear,NUC,13689.571,45814.89023,29.88,Clean
2006,Arkansas,AR,Nuclear,NUC,15232.577,50248.570609999995,30.31,Clean
2007,Arkansas,AR,Nuclear,NUC,15486.102,52831.2857,29.31,Clean
2008,Arkansas,AR,Nuclear,NUC,14168.091,53404.11553,26.53,Clean
2009,Arkansas,AR,Nuclear,NUC,15169.966,55659.33553,27.26,Clean
2010,Arkansas,AR,Nuclear,NUC,15022.678,59303.16244,25.33,Clean
2011,Arkansas,AR,Nuclear,NUC,14194.445,59517.16729,23.85,Clean
2012,Arkansas,AR,Nuclear,NUC,15493.131,63239.94585,24.5,Clean
2013,Arkansas,AR,Nuclear,NUC,11945.257,58628.60907,20.37,Clean
2014,Arkansas,AR,Nuclear,NUC,14478.259,59952.49782,24.15,Clean
2015,Arkansas,AR,Nuclear,NUC,13837.794,54014.23457,25.62,Clean
2016,Arkansas,AR,Nuclear,NUC,13421.022,58988.40747,22.75,Clean
2017,Arkansas,AR,Nuclear,NUC,12691.079,59265.00381,21.41,Clean
2018,Arkansas,AR,Nuclear,NUC,12720.818,66552.8113,19.11,Clean
2019,Arkansas,AR,Nuclear,NUC,13574.947,63005.57881,21.55,Clean
2020,Arkansas,AR,Nuclear,NUC,15063.049,53594.14633,28.11,Clean
2021,Arkansas,AR,Nuclear,NUC,13555.684,60094.65438,22.56,Clean
2022,Arkansas,AR,Nuclear,NUC,14323.697,64927.065299999995,22.06,Clean
2023,Arkansas,AR,Nuclear,NUC,14972.481,62330.68552,24.02,Clean
2024,Arkansas,AR,Nuclear,NUC,14762.779,60611.99525,24.36,Clean
2025,Arkansas,AR,Nuclear,NUC,15193.05,65587.57325,23.16,Clean
2001,Arkansas,AR,Hydroelectric,HYC,2548.25,44800.41,5.69,Clean
2002,Arkansas,AR,Hydroelectric,HYC,3435.829,45696.041,7.52,Clean
2003,Arkansas,AR,Hydroelectric,HYC,2654.618,48149.061,5.51,Clean
2004,Arkansas,AR,Hydroelectric,HYC,3643.439,49515.61639,7.36,Clean
2005,Arkansas,AR,Hydroelectric,HYC,3082.516,45814.89023,6.73,Clean
2006,Arkansas,AR,Hydroelectric,HYC,1550.558,50248.570609999995,3.09,Clean
2007,Arkansas,AR,Hydroelectric,HYC,3236.753,52831.2857,6.13,Clean
2008,Arkansas,AR,Hydroelectric,HYC,4660.297,53404.11553,8.73,Clean
2009,Arkansas,AR,Hydroelectric,HYC,4192.706,55659.33553,7.53,Clean
2010,Arkansas,AR,Hydroelectric,HYC,3658.962,59303.16244,6.17,Clean
2011,Arkansas,AR,Hydroelectric,HYC,2957.845,59517.16729,4.97,Clean
2012,Arkansas,AR,Hydroelectric,HYC,2198.472,63239.94585,3.48,Clean
2013,Arkansas,AR,Hydroelectric,HYC,2654.74044,58628.60907,4.53,Clean
2014,Arkansas,AR,Hydroelectric,HYC,2639.776,59952.49782,4.4,Clean
2015,Arkansas,AR,Hydroelectric,HYC,3569.19497,54014.23457,6.61,Clean
2016,Arkansas,AR,Hydroelectric,HYC,3569.986,58988.40747,6.05,Clean
2017,Arkansas,AR,Hydroelectric,HYC,2943.309,59265.00381,4.97,Clean
2018,Arkansas,AR,Hydroelectric,HYC,3008.775,66552.8113,4.52,Clean
2019,Arkansas,AR,Hydroelectric,HYC,4134.698,63005.57881,6.56,Clean
2020,Arkansas,AR,Hydroelectric,HYC,4530.625,53594.14633,8.45,Clean
2021,Arkansas,AR,Hydroelectric,HYC,4028.679,60094.65438,6.7,Clean
2022,Arkansas,AR,Hydroelectric,HYC,3468.585,64927.065299999995,5.34,Clean
2023,Arkansas,AR,Hydroelectric,HYC,3228.778,62330.68552,5.18,Clean
2024,Arkansas,AR,Hydroelectric,HYC,3134.464,60611.99525,5.17,Clean
2025,Arkansas,AR,Hydroelectric,HYC,3185.93304,65587.57325,4.86,Clean
2025,Arkansas,AR,Wind,WND,176.213,65587.57325,0.27,Clean
2015,Arkansas,AR,Solar,SUN,0.927,54014.23457,0.0,Clean
2016,Arkansas,AR,Solar,SUN,26.142,58988.40747,0.04,Clean
2017,Arkansas,AR,Solar,SUN,30.81152,59265.00381,0.05,Clean
2018,Arkansas,AR,Solar,SUN,203.413,66552.8113,0.31,Clean
2019,Arkansas,AR,Solar,SUN,210.33295,63005.57881,0.33,Clean
2020,Arkansas,AR,Solar,SUN,272.14786,53594.14633,0.51,Clean
2021,Arkansas,AR,Solar,SUN,462.281,60094.65438,0.77,Clean
2022,Arkansas,AR,Solar,SUN,736.48108,64927.065299999995,1.13,Clean
2023,Arkansas,AR,Solar,SUN,797.52349,62330.68552,1.28,Clean
2024,Arkansas,AR,Solar,SUN,2329.09027,60611.99525,3.84,Clean
2025,Arkansas,AR,Solar,SUN,4614.74233,65587.57325,7.04,Clean
2001,Florida,FL,Coal,COL,68227.738,143529.299,47.54,Fossil
2002,Florida,FL,Coal,COL,65926.393,162991.851,40.45,Fossil
2003,Florida,FL,Coal,COL,67674.58,167220.652,40.47,Fossil
2004,Florida,FL,Coal,COL,64861.77378,172934.31013,37.51,Fossil
2005,Florida,FL,Coal,COL,62515.30143,175148.72053,35.69,Fossil
2006,Florida,FL,Coal,COL,65423.33616,193256.17051,33.85,Fossil
2007,Florida,FL,Coal,COL,67908.11459,197674.19516,34.35,Fossil
2008,Florida,FL,Coal,COL,64823.41075,200535.94474,32.33,Fossil
2009,Florida,FL,Coal,COL,54003.07176,201667.72877999998,26.78,Fossil
2010,Florida,FL,Coal,COL,59897.43309,212733.59481,28.16,Fossil
2011,Florida,FL,Coal,COL,51990.96096,210684.16186,24.68,Fossil
2012,Florida,FL,Coal,COL,44286.39088,212206.14847,20.87,Fossil
2013,Florida,FL,Coal,COL,46342.55471,212303.56567,21.83,Fossil
2014,Florida,FL,Coal,COL,52053.68913,220415.77034000002,23.62,Fossil
2015,Florida,FL,Coal,COL,42904.00876,227323.07763999997,18.87,Fossil
2016,Florida,FL,Coal,COL,39429.46789,227648.18435999998,17.32,Fossil
2017,Florida,FL,Coal,COL,37512.76195,228863.19953,16.39,Fossil
2018,Florida,FL,Coal,COL,30272.20083,234106.88877,12.93,Fossil
2019,Florida,FL,Coal,COL,21248.19437,236474.58900000004,8.99,Fossil
2020,Florida,FL,Coal,COL,16597.72817,242178.91947999998,6.85,Fossil
2021,Florida,FL,Coal,COL,18384.80386,239820.00739999997,7.67,Fossil
2022,Florida,FL,Coal,COL,15531.57239,251183.16742999997,6.18,Fossil
2023,Florida,FL,Coal,COL,11691.45238,253105.95261,4.62,Fossil
2024,Florida,FL,Coal,COL,7846.31568,260233.63527,3.02,Fossil
2025,Florida,FL,Coal,COL,10184.62743,261173.42031999998,3.9,Fossil
2001,Florida,FL,Natural Gas,NG,43569.805,143529.299,30.36,Fossil
2002,Florida,FL,Natural Gas,NG,63164.035,162991.851,38.75,Fossil
2003,Florida,FL,Natural Gas,NG,68293.419,167220.652,40.84,Fossil
2004,Florida,FL,Natural Gas,NG,76576.97038,172934.31013,44.28,Fossil
2005,Florida,FL,Natural Gas,NG,83595.19456,175148.72053,47.73,Fossil
2006,Florida,FL,Natural Gas,NG,96186.13977,193256.17051,49.77,Fossil
2007,Florida,FL,Natural Gas,NG,100307.18315,197674.19516,50.74,Fossil
2008,Florida,FL,Natural Gas,NG,103363.12304,200535.94474,51.54,Fossil
2009,Florida,FL,Natural Gas,NG,118322.30793,201667.72877999998,58.67,Fossil
2010,Florida,FL,Natural Gas,NG,128634.25139,212733.59481,60.47,Fossil
2011,Florida,FL,Natural Gas,NG,136363.87369,210684.16186,64.72,Fossil
2012,Florida,FL,Natural Gas,NG,149699.64135,212206.14847,70.54,Fossil
2013,Florida,FL,Natural Gas,NG,138966.36853,212303.56567,65.46,Fossil
2014,Florida,FL,Natural Gas,NG,140034.06959,220415.77034000002,63.53,Fossil
2015,Florida,FL,Natural Gas,NG,155824.15175,227323.07763999997,68.55,Fossil
2016,Florida,FL,Natural Gas,NG,158495.44478,227648.18435999998,69.62,Fossil
2017,Florida,FL,Natural Gas,NG,161104.58841,228863.19953,70.39,Fossil
2018,Florida,FL,Natural Gas,NG,171872.21447,234106.88877,73.42,Fossil
2019,Florida,FL,Natural Gas,NG,182006.84228,236474.58900000004,76.97,Fossil
2020,Florida,FL,Natural Gas,NG,189420.46237,242178.91947999998,78.22,Fossil
2021,Florida,FL,Natural Gas,NG,182619.84579,239820.00739999997,76.15,Fossil
2022,Florida,FL,Natural Gas,NG,193310.02042,251183.16742999997,76.96,Fossil
2023,Florida,FL,Natural Gas,NG,197190.64604,253105.95261,77.91,Fossil
2024,Florida,FL,Natural Gas,NG,204507.26312,260233.63527,78.59,Fossil
2025,Florida,FL,Natural Gas,NG,195310.84748,261173.42031999998,74.78,Fossil
2001,Florida,FL,Nuclear,NUC,31583.404,143529.299,22.0,Clean
2002,Florida,FL,Nuclear,NUC,33704.23,162991.851,20.68,Clean
2003,Florida,FL,Nuclear,NUC,30979.481,167220.652,18.53,Clean
2004,Florida,FL,Nuclear,NUC,31215.576,172934.31013,18.05,Clean
2005,Florida,FL,Nuclear,NUC,28758.826,175148.72053,16.42,Clean
2006,Florida,FL,Nuclear,NUC,31426.349,193256.17051,16.26,Clean
2007,Florida,FL,Nuclear,NUC,29289.289,197674.19516,14.82,Clean
2008,Florida,FL,Nuclear,NUC,32133.276,200535.94474,16.02,Clean
2009,Florida,FL,Nuclear,NUC,29117.877,201667.72877999998,14.44,Clean
2010,Florida,FL,Nuclear,NUC,23935.92156,212733.59481,11.25,Clean
2011,Florida,FL,Nuclear,NUC,22015.368,210684.16186,10.45,Clean
2012,Florida,FL,Nuclear,NUC,17869.935,212206.14847,8.42,Clean
2013,Florida,FL,Nuclear,NUC,26525.855,212303.56567,12.49,Clean
2014,Florida,FL,Nuclear,NUC,27868.27,220415.77034000002,12.64,Clean
2015,Florida,FL,Nuclear,NUC,28121.916,227323.07763999997,12.37,Clean
2016,Florida,FL,Nuclear,NUC,29320.022,227648.18435999998,12.88,Clean
2017,Florida,FL,Nuclear,NUC,29146.219,228863.19953,12.74,Clean
2018,Florida,FL,Nuclear,NUC,29312.349,234106.88877,12.52,Clean
2019,Florida,FL,Nuclear,NUC,29108.066,236474.58900000004,12.31,Clean
2020,Florida,FL,Nuclear,NUC,29419.352,242178.91947999998,12.15,Clean
2021,Florida,FL,Nuclear,NUC,29514.894,239820.00739999997,12.31,Clean
2022,Florida,FL,Nuclear,NUC,30768.329,251183.16742999997,12.25,Clean
2023,Florida,FL,Nuclear,NUC,29940.194,253105.95261,11.83,Clean
2024,Florida,FL,Nuclear,NUC,29053.59,260233.63527,11.16,Clean
2025,Florida,FL,Nuclear,NUC,30587.612,261173.42031999998,11.71,Clean
2001,Florida,FL,Hydroelectric,HYC,147.718,143529.299,0.1,Clean
2002,Florida,FL,Hydroelectric,HYC,184.114,162991.851,0.11,Clean
2003,Florida,FL,Hydroelectric,HYC,262.667,167220.652,0.16,Clean
2004,Florida,FL,Hydroelectric,HYC,265.258,172934.31013,0.15,Clean
2005,Florida,FL,Hydroelectric,HYC,266.159,175148.72053,0.15,Clean
2006,Florida,FL,Hydroelectric,HYC,203.422,193256.17051,0.11,Clean
2007,Florida,FL,Hydroelectric,HYC,154.446,197674.19516,0.08,Clean
2008,Florida,FL,Hydroelectric,HYC,206.158,200535.94474,0.1,Clean
2009,Florida,FL,Hydroelectric,HYC,208.202,201667.72877999998,0.1,Clean
2010,Florida,FL,Hydroelectric,HYC,177.474,212733.59481,0.08,Clean
2011,Florida,FL,Hydroelectric,HYC,182.042,210684.16186,0.09,Clean
2012,Florida,FL,Hydroelectric,HYC,150.511,212206.14847,0.07,Clean
2013,Florida,FL,Hydroelectric,HYC,254.214,212303.56567,0.12,Clean
2014,Florida,FL,Hydroelectric,HYC,211.388,220415.77034000002,0.1,Clean
2015,Florida,FL,Hydroelectric,HYC,244.294,227323.07763999997,0.11,Clean
2016,Florida,FL,Hydroelectric,HYC,174.551,227648.18435999998,0.08,Clean
2017,Florida,FL,Hydroelectric,HYC,218.299,228863.19953,0.1,Clean
2018,Florida,FL,Hydroelectric,HYC,232.574,234106.88877,0.1,Clean
2019,Florida,FL,Hydroelectric,HYC,209.882,236474.58900000004,0.09,Clean
2020,Florida,FL,Hydroelectric,HYC,231.68,242178.91947999998,0.1,Clean
2021,Florida,FL,Hydroelectric,HYC,251.607,239820.00739999997,0.1,Clean
2022,Florida,FL,Hydroelectric,HYC,230.962,251183.16742999997,0.09,Clean
2023,Florida,FL,Hydroelectric,HYC,224.192,253105.95261,0.09,Clean
2024,Florida,FL,Hydroelectric,HYC,177.238,260233.63527,0.07,Clean
2025,Florida,FL,Hydroelectric,HYC,165.32033,261173.42031999998,0.06,Clean
2009,Florida,FL,Solar,SUN,9.47,201667.72877999998,0.0,Clean
2010,Florida,FL,Solar,SUN,80.44,212733.59481,0.04,Clean
2011,Florida,FL,Solar,SUN,125.726,210684.16186,0.06,Clean
2012,Florida,FL,Solar,SUN,193.61599,212206.14847,0.09,Clean
2013,Florida,FL,Solar,SUN,209.902,212303.56567,0.1,Clean
2014,Florida,FL,Solar,SUN,241.68418,220415.77034000002,0.11,Clean
2015,Florida,FL,Solar,SUN,223.93332,227323.07763999997,0.1,Clean
2016,Florida,FL,Solar,SUN,223.983,227648.18435999998,0.1,Clean
2017,Florida,FL,Solar,SUN,876.42691,228863.19953,0.38,Clean
2018,Florida,FL,Solar,SUN,2412.06288,234106.88877,1.03,Clean
2019,Florida,FL,Solar,SUN,3901.44528,236474.58900000004,1.65,Clean
2020,Florida,FL,Solar,SUN,6509.602,242178.91947999998,2.69,Clean
2021,Florida,FL,Solar,SUN,9048.71543,239820.00739999997,3.77,Clean
2022,Florida,FL,Solar,SUN,11342.16269,251183.16742999997,4.52,Clean
2023,Florida,FL,Solar,SUN,14059.41231,253105.95261,5.55,Clean
2024,Florida,FL,Solar,SUN,18649.15323,260233.63527,7.17,Clean
2025,Florida,FL,Solar,SUN,24924.99019,261173.42031999998,9.54,Clean
2001,Florida,FL,Other,OOG,0.634,143529.299,0.0,Other
2002,Florida,FL,Other,OOG,13.079,162991.851,0.01,Other
2003,Florida,FL,Other,OOG,10.505,167220.652,0.01,Other
2004,Florida,FL,Other,OOG,14.73197,172934.31013,0.01,Other
2005,Florida,FL,Other,OOG,13.23954,175148.72053,0.01,Other
2006,Florida,FL,Other,OOG,16.92358,193256.17051,0.01,Other
2007,Florida,FL,Other,OOG,15.16242,197674.19516,0.01,Other
2008,Florida,FL,Other,OOG,9.97695,200535.94474,0.0,Other
2009,Florida,FL,Other,OOG,6.80009,201667.72877999998,0.0,Other
2010,Florida,FL,Other,OOG,8.07477,212733.59481,0.0,Other
2011,Florida,FL,Other,OOG,6.19121,210684.16186,0.0,Other
2012,Florida,FL,Other,OOG,6.05425,212206.14847,0.0,Other
2013,Florida,FL,Other,OOG,4.67143,212303.56567,0.0,Other
2014,Florida,FL,Other,OOG,6.66944,220415.77034000002,0.0,Other
2015,Florida,FL,Other,OOG,4.77381,227323.07763999997,0.0,Other
2016,Florida,FL,Other,OOG,4.71569,227648.18435999998,0.0,Other
2017,Florida,FL,Other,OOG,4.90426,228863.19953,0.0,Other
2018,Florida,FL,Other,OOG,5.48759,234106.88877,0.0,Other
2019,Florida,FL,Other,OOG,0.15907,236474.58900000004,0.0,Other
2020,Florida,FL,Other,OOG,0.09494,242178.91947999998,0.0,Other
2021,Florida,FL,Other,OOG,0.14132,239820.00739999997,0.0,Other
2022,Florida,FL,Other,OOG,0.12093,251183.16742999997,0.0,Other
2023,Florida,FL,Other,OOG,0.05588,253105.95261,0.0,Other
2024,Florida,FL,Other,OOG,0.07524,260233.63527,0.0,Other
2025,Florida,FL,Other,OOG,0.02289,261173.42031999998,0.0,Other
2001,Georgia,GA,Coal,COL,74560.875,114704.944,65.0,Fossil
2002,Georgia,GA,Coal,COL,78828.124,119540.731,65.94,Fossil
2003,Georgia,GA,Coal,COL,78638.489,120312.399,65.36,Fossil
2004,Georgia,GA,Coal,COL,79942.96277,123512.71591,64.72,Fossil
2005,Georgia,GA,Coal,COL,87182.25876,132519.60522,65.79,Fossil
2006,Georgia,GA,Coal,COL,86503.98627,134039.23159,64.54,Fossil
2007,Georgia,GA,Coal,COL,90297.5292,141157.65956,63.97,Fossil
2008,Georgia,GA,Coal,COL,85491.2576,132755.38243,64.4,Fossil
2009,Georgia,GA,Coal,COL,69478.19606,124926.20724,55.62,Fossil
2010,Georgia,GA,Coal,COL,73298.04152,134016.2338,54.69,Fossil
2011,Georgia,GA,Coal,COL,60159.34027,121714.18308,49.43,Fossil
2012,Georgia,GA,Coal,COL,40715.0493,119434.50491999999,34.09,Fossil
2013,Georgia,GA,Coal,COL,40232.86626,117193.5821,34.33,Fossil
2014,Georgia,GA,Coal,COL,45295.11332,122009.6669,37.12,Fossil
2015,Georgia,GA,Coal,COL,37130.62986,124551.37246,29.81,Fossil
2016,Georgia,GA,Coal,COL,37890.47405,129487.20035,29.26,Fossil
2017,Georgia,GA,Coal,COL,32487.05788,123314.38365,26.34,Fossil
2018,Georgia,GA,Coal,COL,32180.55494,124208.04542000001,25.91,Fossil
2019,Georgia,GA,Coal,COL,25245.30801,123573.47962,20.43,Fossil
2020,Georgia,GA,Coal,COL,13913.93452,114357.36948000001,12.17,Fossil
2021,Georgia,GA,Coal,COL,19076.18441,118230.68293000001,16.13,Fossil
2022,Georgia,GA,Coal,COL,16778.38303,120824.74517,13.89,Fossil
2023,Georgia,GA,Coal,COL,16769.05652,124611.55989,13.46,Fossil
2024,Georgia,GA,Coal,COL,17836.88042,134875.104,13.22,Fossil
2025,Georgia,GA,Coal,COL,20024.88622,142417.40841,14.06,Fossil
2001,Georgia,GA,Natural Gas,NG,3865.873,114704.944,3.37,Fossil
2002,Georgia,GA,Natural Gas,NG,6889.15,119540.731,5.76,Fossil
2003,Georgia,GA,Natural Gas,NG,4276.991,120312.399,3.55,Fossil
2004,Georgia,GA,Natural Gas,NG,6129.65185,123512.71591,4.96,Fossil
2005,Georgia,GA,Natural Gas,NG,9771.03409,132519.60522,7.37,Fossil
2006,Georgia,GA,Natural Gas,NG,12960.59832,134039.23159,9.67,Fossil
2007,Georgia,GA,Natural Gas,NG,16078.94436,141157.65956,11.39,Fossil
2008,Georgia,GA,Natural Gas,NG,13428.4115,132755.38243,10.12,Fossil
2009,Georgia,GA,Natural Gas,NG,20505.74927,124926.20724,16.41,Fossil
2010,Georgia,GA,Natural Gas,NG,23884.45728,134016.2338,17.82,Fossil
2011,Georgia,GA,Natural Gas,NG,26543.60426,121714.18308,21.81,Fossil
2012,Georgia,GA,Natural Gas,NG,42538.60093,119434.50491999999,35.62,Fossil
2013,Georgia,GA,Natural Gas,NG,40329.84735,117193.5821,34.41,Fossil
2014,Georgia,GA,Natural Gas,NG,40960.79792,122009.6669,33.57,Fossil
2015,Georgia,GA,Natural Gas,NG,50469.26568,124551.37246,40.52,Fossil
2016,Georgia,GA,Natural Gas,NG,52862.4643,129487.20035,40.82,Fossil
2017,Georgia,GA,Natural Gas,NG,52722.49977,123314.38365,42.75,Fossil
2018,Georgia,GA,Natural Gas,NG,51972.10992,124208.04542000001,41.84,Fossil
2019,Georgia,GA,Natural Gas,NG,58619.99663,123573.47962,47.44,Fossil
2020,Georgia,GA,Natural Gas,NG,59175.02596,114357.36948000001,51.75,Fossil
2021,Georgia,GA,Natural Gas,NG,56673.11501,118230.68293000001,47.93,Fossil
2022,Georgia,GA,Natural Gas,NG,59848.73114,120824.74517,49.53,Fossil
2023,Georgia,GA,Natural Gas,NG,60043.96237,124611.55989,48.18,Fossil
2024,Georgia,GA,Natural Gas,NG,56936.52558,134875.104,42.21,Fossil
2025,Georgia,GA,Natural Gas,NG,56910.79864,142417.40841,39.96,Fossil
2001,Georgia,GA,Nuclear,NUC,33681.769,114704.944,29.36,Clean
2002,Georgia,GA,Nuclear,NUC,31107.735,119540.731,26.02,Clean
2003,Georgia,GA,Nuclear,NUC,33256.649,120312.399,27.64,Clean
2004,Georgia,GA,Nuclear,NUC,33747.705,123512.71591,27.32,Clean
2005,Georgia,GA,Nuclear,NUC,31534.259,132519.60522,23.8,Clean
2006,Georgia,GA,Nuclear,NUC,32005.81,134039.23159,23.88,Clean
2007,Georgia,GA,Nuclear,NUC,32544.998,141157.65956,23.06,Clean
2008,Georgia,GA,Nuclear,NUC,31691.095,132755.38243,23.87,Clean
2009,Georgia,GA,Nuclear,NUC,31682.579,124926.20724,25.36,Clean
2010,Georgia,GA,Nuclear,NUC,33512.033,134016.2338,25.01,Clean
2011,Georgia,GA,Nuclear,NUC,32306.181,121714.18308,26.54,Clean
2012,Georgia,GA,Nuclear,NUC,33941.634,119434.50491999999,28.42,Clean
2013,Georgia,GA,Nuclear,NUC,32902.781,117193.5821,28.08,Clean
2014,Georgia,GA,Nuclear,NUC,32570.182,122009.6669,26.69,Clean
2015,Georgia,GA,Nuclear,NUC,33838.462,124551.37246,27.17,Clean
2016,Georgia,GA,Nuclear,NUC,34480.662,129487.20035,26.63,Clean
2017,Georgia,GA,Nuclear,NUC,33708.805,123314.38365,27.34,Clean
2018,Georgia,GA,Nuclear,NUC,34362.676,124208.04542000001,27.67,Clean
2019,Georgia,GA,Nuclear,NUC,33591.181,123573.47962,27.18,Clean
2020,Georgia,GA,Nuclear,NUC,32825.697,114357.36948000001,28.7,Clean
2021,Georgia,GA,Nuclear,NUC,33951.976,118230.68293000001,28.72,Clean
2022,Georgia,GA,Nuclear,NUC,34073.591,120824.74517,28.2,Clean
2023,Georgia,GA,Nuclear,NUC,37376.836,124611.55989,29.99,Clean
2024,Georgia,GA,Nuclear,NUC,47975.859,134875.104,35.57,Clean
2025,Georgia,GA,Nuclear,NUC,51224.793,142417.40841,35.97,Clean
2001,Georgia,GA,Hydroelectric,HYC,2596.427,114704.944,2.26,Clean
2002,Georgia,GA,Hydroelectric,HYC,2715.722,119540.731,2.27,Clean
2003,Georgia,GA,Hydroelectric,HYC,4140.27,120312.399,3.44,Clean
2004,Georgia,GA,Hydroelectric,HYC,3692.39629,123512.71591,2.99,Clean
2005,Georgia,GA,Hydroelectric,HYC,4032.05337,132519.60522,3.04,Clean
2006,Georgia,GA,Hydroelectric,HYC,2568.837,134039.23159,1.92,Clean
2007,Georgia,GA,Hydroelectric,HYC,2236.188,141157.65956,1.58,Clean
2008,Georgia,GA,Hydroelectric,HYC,2144.61833,132755.38243,1.62,Clean
2009,Georgia,GA,Hydroelectric,HYC,3259.68291,124926.20724,2.61,Clean
2010,Georgia,GA,Hydroelectric,HYC,3321.702,134016.2338,2.48,Clean
2011,Georgia,GA,Hydroelectric,HYC,2705.05755,121714.18308,2.22,Clean
2012,Georgia,GA,Hydroelectric,HYC,2236.3,119434.50491999999,1.87,Clean
2013,Georgia,GA,Hydroelectric,HYC,3713.59019,117193.5821,3.17,Clean
2014,Georgia,GA,Hydroelectric,HYC,3064.347,122009.6669,2.51,Clean
2015,Georgia,GA,Hydroelectric,HYC,2983.563,124551.37246,2.4,Clean
2016,Georgia,GA,Hydroelectric,HYC,3372.677,129487.20035,2.6,Clean
2017,Georgia,GA,Hydroelectric,HYC,2409.749,123314.38365,1.95,Clean
2018,Georgia,GA,Hydroelectric,HYC,3696.868,124208.04542000001,2.98,Clean
2019,Georgia,GA,Hydroelectric,HYC,3956.22398,123573.47962,3.2,Clean
2020,Georgia,GA,Hydroelectric,HYC,4662.57477,114357.36948000001,4.08,Clean
2021,Georgia,GA,Hydroelectric,HYC,3661.043,118230.68293000001,3.1,Clean
2022,Georgia,GA,Hydroelectric,HYC,3176.979,120824.74517,2.63,Clean
2023,Georgia,GA,Hydroelectric,HYC,2871.919,124611.55989,2.3,Clean
2024,Georgia,GA,Hydroelectric,HYC,2941.17,134875.104,2.18,Clean
2025,Georgia,GA,Hydroelectric,HYC,2989.8878,142417.40841,2.1,Clean
2012,Georgia,GA,Solar,SUN,2.92069,119434.50491999999,0.0,Clean
2013,Georgia,GA,Solar,SUN,14.4973,117193.5821,0.01,Clean
2014,Georgia,GA,Solar,SUN,119.22666,122009.6669,0.1,Clean
2015,Georgia,GA,Solar,SUN,129.45192,124551.37246,0.1,Clean
2016,Georgia,GA,Solar,SUN,880.923,129487.20035,0.68,Clean
2017,Georgia,GA,Solar,SUN,1986.272,123314.38365,1.61,Clean
2018,Georgia,GA,Solar,SUN,1995.83656,124208.04542000001,1.61,Clean
2019,Georgia,GA,Solar,SUN,2160.77,123573.47962,1.75,Clean
2020,Georgia,GA,Solar,SUN,3780.13723,114357.36948000001,3.31,Clean
2021,Georgia,GA,Solar,SUN,4868.36451,118230.68293000001,4.12,Clean
2022,Georgia,GA,Solar,SUN,6947.061,120824.74517,5.75,Clean
2023,Georgia,GA,Solar,SUN,7549.786,124611.55989,6.06,Clean
2024,Georgia,GA,Solar,SUN,9184.669,134875.104,6.81,Clean
2025,Georgia,GA,Solar,SUN,11267.04275,142417.40841,7.91,Clean
2001,Louisiana,LA,Coal,COL,21968.146,80849.796,27.17,Fossil
2002,Louisiana,LA,Coal,COL,22050.906,89646.147,24.6,Fossil
2003,Louisiana,LA,Coal,COL,22888.93,88028.671,26.0,Fossil
2004,Louisiana,LA,Coal,COL,23657.81145,90539.01244,26.13,Fossil
2005,Louisiana,LA,Coal,COL,23087.36477,85639.29528,26.96,Fossil
2006,Louisiana,LA,Coal,COL,24395.20498,85371.87797,28.58,Fossil
2007,Louisiana,LA,Coal,COL,23051.18265,86681.40858,26.59,Fossil
2008,Louisiana,LA,Coal,COL,24100.04221,86980.84687,27.71,Fossil
2009,Louisiana,LA,Coal,COL,23067.13649,86315.8224,26.72,Fossil
2010,Louisiana,LA,Coal,COL,23923.74892,96577.12813,24.77,Fossil
2011,Louisiana,LA,Coal,COL,24627.51946,97901.15947999999,25.16,Fossil
2012,Louisiana,LA,Coal,COL,21421.86882,97572.1018,21.95,Fossil
2013,Louisiana,LA,Coal,COL,20843.71252,93599.12243,22.27,Fossil
2014,Louisiana,LA,Coal,COL,19221.019,95685.52647000001,20.09,Fossil
2015,Louisiana,LA,Coal,COL,15164.95786,100076.30898,15.15,Fossil
2016,Louisiana,LA,Coal,COL,12013.64898,98846.71012,12.15,Fossil
2017,Louisiana,LA,Coal,COL,12315.92531,89778.48729,13.72,Fossil
2018,Louisiana,LA,Coal,COL,11786.72367,94500.4111,12.47,Fossil
2019,Louisiana,LA,Coal,COL,7418.81416,94165.28873999999,7.88,Fossil
2020,Louisiana,LA,Coal,COL,3918.42413,94624.0301,4.14,Fossil
2021,Louisiana,LA,Coal,COL,7872.9514,92129.30243,8.55,Fossil
2022,Louisiana,LA,Coal,COL,8172.86284,99606.36048,8.21,Fossil
2023,Louisiana,LA,Coal,COL,4833.62695,94262.99526000001,5.13,Fossil
2024,Louisiana,LA,Coal,COL,3699.80773,97146.39069,3.81,Fossil
2025,Louisiana,LA,Coal,COL,5531.2055,99461.35700999999,5.56,Fossil
2001,Louisiana,LA,Natural Gas,NG,40372.754,80849.796,49.94,Fossil
2002,Louisiana,LA,Natural Gas,NG,47900.848,89646.147,53.43,Fossil
2003,Louisiana,LA,Natural Gas,NG,45434.198,88028.671,51.61,Fossil
2004,Louisiana,LA,Natural Gas,NG,46169.5377,90539.01244,50.99,Fossil
2005,Louisiana,LA,Natural Gas,NG,44167.90409,85639.29528,51.57,Fossil
2006,Louisiana,LA,Natural Gas,NG,41933.33453,85371.87797,49.12,Fossil
2007,Louisiana,LA,Natural Gas,NG,43915.01498,86681.40858,50.66,Fossil
2008,Louisiana,LA,Natural Gas,NG,45344.38637,86980.84687,52.13,Fossil
2009,Louisiana,LA,Natural Gas,NG,44003.26422,86315.8224,50.98,Fossil
2010,Louisiana,LA,Natural Gas,NG,51344.07865,96577.12813,53.16,Fossil
2011,Louisiana,LA,Natural Gas,NG,54322.46421,97901.15947999999,55.49,Fossil
2012,Louisiana,LA,Natural Gas,NG,58563.7557,97572.1018,60.02,Fossil
2013,Louisiana,LA,Natural Gas,NG,52510.17484,93599.12243,56.1,Fossil
2014,Louisiana,LA,Natural Gas,NG,56120.56438,95685.52647000001,58.65,Fossil
2015,Louisiana,LA,Natural Gas,NG,66210.83199,100076.30898,66.16,Fossil
2016,Louisiana,LA,Natural Gas,NG,66479.14169,98846.71012,67.25,Fossil
2017,Louisiana,LA,Natural Gas,NG,59001.09205,89778.48729,65.72,Fossil
2018,Louisiana,LA,Natural Gas,NG,61781.77399,94500.4111,65.38,Fossil
2019,Louisiana,LA,Natural Gas,NG,69522.95401,94165.28873999999,73.83,Fossil
2020,Louisiana,LA,Natural Gas,NG,70781.54639,94624.0301,74.8,Fossil
2021,Louisiana,LA,Natural Gas,NG,63961.17417,92129.30243,69.43,Fossil
2022,Louisiana,LA,Natural Gas,NG,72275.00713,99606.36048,72.56,Fossil
2023,Louisiana,LA,Natural Gas,NG,74414.45191,94262.99526000001,78.94,Fossil
2024,Louisiana,LA,Natural Gas,NG,75263.34727,97146.39069,77.47,Fossil
2025,Louisiana,LA,Natural Gas,NG,73966.3321,99461.35700999999,74.37,Fossil
2001,Louisiana,LA,Nuclear,NUC,17336.135,80849.796,21.44,Clean
2002,Louisiana,LA,Nuclear,NUC,17305.328,89646.147,19.3,Clean
2003,Louisiana,LA,Nuclear,NUC,16126.322,88028.671,18.32,Clean
2004,Louisiana,LA,Nuclear,NUC,17079.981,90539.01244,18.86,Clean
2005,Louisiana,LA,Nuclear,NUC,15676.353,85639.29528,18.31,Clean
2006,Louisiana,LA,Nuclear,NUC,16735.448,85371.87797,19.6,Clean
2007,Louisiana,LA,Nuclear,NUC,17077.572,86681.40858,19.7,Clean
2008,Louisiana,LA,Nuclear,NUC,15370.988,86980.84687,17.67,Clean
2009,Louisiana,LA,Nuclear,NUC,16782.077,86315.8224,19.44,Clean
2010,Louisiana,LA,Nuclear,NUC,18639.347,96577.12813,19.3,Clean
2011,Louisiana,LA,Nuclear,NUC,16614.975,97901.15947999999,16.97,Clean
2012,Louisiana,LA,Nuclear,NUC,15659.132,97572.1018,16.05,Clean
2013,Louisiana,LA,Nuclear,NUC,16954.394,93599.12243,18.11,Clean
2014,Louisiana,LA,Nuclear,NUC,17311.33,95685.52647000001,18.09,Clean
2015,Louisiana,LA,Nuclear,NUC,15300.736,100076.30898,15.29,Clean
2016,Louisiana,LA,Nuclear,NUC,17151.826,98846.71012,17.35,Clean
2017,Louisiana,LA,Nuclear,NUC,15409.745,89778.48729,17.16,Clean
2018,Louisiana,LA,Nuclear,NUC,17152.582,94500.4111,18.15,Clean
2019,Louisiana,LA,Nuclear,NUC,13981.335,94165.28873999999,14.85,Clean
2020,Louisiana,LA,Nuclear,NUC,16949.587,94624.0301,17.91,Clean
2021,Louisiana,LA,Nuclear,NUC,17248.674,92129.30243,18.72,Clean
2022,Louisiana,LA,Nuclear,NUC,16164.721,99606.36048,16.23,Clean
2023,Louisiana,LA,Nuclear,NUC,12211.457,94262.99526000001,12.95,Clean
2024,Louisiana,LA,Nuclear,NUC,14651.585,97146.39069,15.08,Clean
2025,Louisiana,LA,Nuclear,NUC,15254.572,99461.35700999999,15.34,Clean
2001,Louisiana,LA,Hydroelectric,HYC,732.217,80849.796,0.91,Clean
2002,Louisiana,LA,Hydroelectric,HYC,891.441,89646.147,0.99,Clean
2003,Louisiana,LA,Hydroelectric,HYC,891.991,88028.671,1.01,Clean
2004,Louisiana,LA,Hydroelectric,HYC,1098.825,90539.01244,1.21,Clean
2005,Louisiana,LA,Hydroelectric,HYC,810.948,85639.29528,0.95,Clean
2006,Louisiana,LA,Hydroelectric,HYC,713.215,85371.87797,0.84,Clean
2007,Louisiana,LA,Hydroelectric,HYC,826.642,86681.40858,0.95,Clean
2008,Louisiana,LA,Hydroelectric,HYC,1064.373,86980.84687,1.22,Clean
2009,Louisiana,LA,Hydroelectric,HYC,1236.351,86315.8224,1.43,Clean
2010,Louisiana,LA,Hydroelectric,HYC,1108.794,96577.12813,1.15,Clean
2011,Louisiana,LA,Hydroelectric,HYC,1044.019,97901.15947999999,1.07,Clean
2012,Louisiana,LA,Hydroelectric,HYC,679.944,97572.1018,0.7,Clean
2013,Louisiana,LA,Hydroelectric,HYC,1044.561,93599.12243,1.12,Clean
2014,Louisiana,LA,Hydroelectric,HYC,1090.038,95685.52647000001,1.14,Clean
2015,Louisiana,LA,Hydroelectric,HYC,999.036,100076.30898,1.0,Clean
2016,Louisiana,LA,Hydroelectric,HYC,1103.023,98846.71012,1.12,Clean
2017,Louisiana,LA,Hydroelectric,HYC,906.237,89778.48729,1.01,Clean
2018,Louisiana,LA,Hydroelectric,HYC,1179.855,94500.4111,1.25,Clean
2019,Louisiana,LA,Hydroelectric,HYC,1365.664,94165.28873999999,1.45,Clean
2020,Louisiana,LA,Hydroelectric,HYC,1203.744,94624.0301,1.27,Clean
2021,Louisiana,LA,Hydroelectric,HYC,1109.178,92129.30243,1.2,Clean
2022,Louisiana,LA,Hydroelectric,HYC,916.066,99606.36048,0.92,Clean
2023,Louisiana,LA,Hydroelectric,HYC,707.533,94262.99526000001,0.75,Clean
2024,Louisiana,LA,Hydroelectric,HYC,885.203,97146.39069,0.91,Clean
2025,Louisiana,LA,Hydroelectric,HYC,837.26413,99461.35700999999,0.84,Clean
2017,Louisiana,LA,Solar,SUN,2.42272,89778.48729,0.0,Clean
2018,Louisiana,LA,Solar,SUN,1.518,94500.4111,0.0,Clean
2019,Louisiana,LA,Solar,SUN,1.506,94165.28873999999,0.0,Clean
2020,Louisiana,LA,Solar,SUN,39.36,94624.0301,0.04,Clean
2021,Louisiana,LA,Solar,SUN,146.393,92129.30243,0.16,Clean
2022,Louisiana,LA,Solar,SUN,196.173,99606.36048,0.2,Clean
2023,Louisiana,LA,Solar,SUN,291.744,94262.99526000001,0.31,Clean
2024,Louisiana,LA,Solar,SUN,1198.61986,97146.39069,1.23,Clean
2025,Louisiana,LA,Solar,SUN,2408.99522,99461.35700999999,2.42,Clean
2001,Louisiana,LA,Other,OOG,440.544,80849.796,0.54,Other
2002,Louisiana,LA,Other,OOG,1497.624,89646.147,1.67,Other
2003,Louisiana,LA,Other,OOG,2687.23,88028.671,3.05,Other
2004,Louisiana,LA,Other,OOG,2532.85729,90539.01244,2.8,Other
2005,Louisiana,LA,Other,OOG,1896.72542,85639.29528,2.21,Other
2006,Louisiana,LA,Other,OOG,1594.67546,85371.87797,1.87,Other
2007,Louisiana,LA,Other,OOG,1810.99695,86681.40858,2.09,Other
2008,Louisiana,LA,Other,OOG,1101.05729,86980.84687,1.27,Other
2009,Louisiana,LA,Other,OOG,1226.99369,86315.8224,1.42,Other
2010,Louisiana,LA,Other,OOG,1561.15956,96577.12813,1.62,Other
2011,Louisiana,LA,Other,OOG,1292.18181,97901.15947999999,1.32,Other
2012,Louisiana,LA,Other,OOG,1247.40128,97572.1018,1.28,Other
2013,Louisiana,LA,Other,OOG,2246.28007,93599.12243,2.4,Other
2014,Louisiana,LA,Other,OOG,1942.57509,95685.52647000001,2.03,Other
2015,Louisiana,LA,Other,OOG,2400.74713,100076.30898,2.4,Other
2016,Louisiana,LA,Other,OOG,2099.07045,98846.71012,2.12,Other
2017,Louisiana,LA,Other,OOG,2143.06521,89778.48729,2.39,Other
2018,Louisiana,LA,Other,OOG,2597.95844,94500.4111,2.75,Other
2019,Louisiana,LA,Other,OOG,1875.01557,94165.28873999999,1.99,Other
2020,Louisiana,LA,Other,OOG,1731.36858,94624.0301,1.83,Other
2021,Louisiana,LA,Other,OOG,1790.93186,92129.30243,1.94,Other
2022,Louisiana,LA,Other,OOG,1881.53051,99606.36048,1.89,Other
2023,Louisiana,LA,Other,OOG,1804.1824,94262.99526000001,1.91,Other
2024,Louisiana,LA,Other,OOG,1447.82783,97146.39069,1.49,Other
2025,Louisiana,LA,Other,OOG,1462.98806,99461.35700999999,1.47,Other
2001,Mississippi,MS,Coal,COL,19196.065,46870.498999999996,40.96,Fossil
2002,Mississippi,MS,Coal,COL,14853.143,41921.915,35.43,Fossil
2003,Mississippi,MS,Coal,COL,17082.604,37494.092,45.56,Fossil
2004,Mississippi,MS,Coal,COL,17477.68825,39369.76908,44.39,Fossil
2005,Mississippi,MS,Coal,COL,16635.88367,42093.96179,39.52,Fossil
2006,Mississippi,MS,Coal,COL,18105.33311,44273.49105,40.89,Fossil
2007,Mississippi,MS,Coal,COL,17407.32462,48143.60658,36.16,Fossil
2008,Mississippi,MS,Coal,COL,16683.40239,46728.064360000004,35.7,Fossil
2009,Mississippi,MS,Coal,COL,12957.66213,47248.21149,27.42,Fossil
2010,Mississippi,MS,Coal,COL,13628.99696,52892.79416,25.77,Fossil
2011,Mississippi,MS,Coal,COL,9723.11079,50025.50843,19.44,Fossil
2012,Mississippi,MS,Coal,COL,7211.97285,53057.99984999999,13.59,Fossil
2013,Mississippi,MS,Coal,COL,8701.29508,51342.69259,16.95,Fossil
2014,Mississippi,MS,Coal,COL,10742.56585,53600.69829,20.04,Fossil
2015,Mississippi,MS,Coal,COL,6399.60523,63231.136329999994,10.12,Fossil
2016,Mississippi,MS,Coal,COL,5342.02601,61334.03668,8.71,Fossil
2017,Mississippi,MS,Coal,COL,4628.22956,58237.27341,7.95,Fossil
2018,Mississippi,MS,Coal,COL,5280.04337,62007.17692,8.52,Fossil
2019,Mississippi,MS,Coal,COL,4414.33994,64549.69869,6.84,Fossil
2020,Mississippi,MS,Coal,COL,4593.52454,65156.17842,7.05,Fossil
2021,Mississippi,MS,Coal,COL,5530.68764,66348.70169,8.34,Fossil
2022,Mississippi,MS,Coal,COL,5651.36728,66474.72849,8.5,Fossil
2023,Mississippi,MS,Coal,COL,4036.97435,71587.01066,5.64,Fossil
2024,Mississippi,MS,Coal,COL,3334.1246,76050.63715,4.38,Fossil
2025,Mississippi,MS,Coal,COL,4181.31455,76804.58452,5.44,Fossil
2001,Mississippi,MS,Natural Gas,NG,17750.552,46870.498999999996,37.87,Fossil
2002,Mississippi,MS,Natural Gas,NG,16971.397,41921.915,40.48,Fossil
2003,Mississippi,MS,Natural Gas,NG,9477.233,37494.092,25.28,Fossil
2004,Mississippi,MS,Natural Gas,NG,11618.56664,39369.76908,29.51,Fossil
2005,Mississippi,MS,Natural Gas,NG,15360.06572,42093.96179,36.49,Fossil
2006,Mississippi,MS,Natural Gas,NG,15705.84877,44273.49105,35.47,Fossil
2007,Mississippi,MS,Natural Gas,NG,21335.17315,48143.60658,44.32,Fossil
2008,Mississippi,MS,Natural Gas,NG,20607.42666,46728.064360000004,44.1,Fossil
2009,Mississippi,MS,Natural Gas,NG,23267.2994,47248.21149,49.24,Fossil
2010,Mississippi,MS,Natural Gas,NG,29618.92152,52892.79416,56.0,Fossil
2011,Mississippi,MS,Natural Gas,NG,29965.60864,50025.50843,59.9,Fossil
2012,Mississippi,MS,Natural Gas,NG,38549.893,53057.99984999999,72.66,Fossil
2013,Mississippi,MS,Natural Gas,NG,31776.88851,51342.69259,61.89,Fossil
2014,Mississippi,MS,Natural Gas,NG,32605.94944,53600.69829,60.83,Fossil
2015,Mississippi,MS,Natural Gas,NG,45116.9431,63231.136329999994,71.35,Fossil
2016,Mississippi,MS,Natural Gas,NG,50094.73867,61334.03668,81.68,Fossil
2017,Mississippi,MS,Natural Gas,NG,46158.47285,58237.27341,79.26,Fossil
2018,Mississippi,MS,Natural Gas,NG,49481.81055,62007.17692,79.8,Fossil
2019,Mississippi,MS,Natural Gas,NG,48780.50475,64549.69869,75.57,Fossil
2020,Mississippi,MS,Natural Gas,NG,53661.60278,65156.17842,82.36,Fossil
2021,Mississippi,MS,Natural Gas,NG,48621.02505,66348.70169,73.28,Fossil
2022,Mississippi,MS,Natural Gas,NG,51719.17121,66474.72849,77.8,Fossil
2023,Mississippi,MS,Natural Gas,NG,55167.57231,71587.01066,77.06,Fossil
2024,Mississippi,MS,Natural Gas,NG,60025.53655,76050.63715,78.93,Fossil
2025,Mississippi,MS,Natural Gas,NG,57755.4001,76804.58452,75.2,Fossil
2001,Mississippi,MS,Nuclear,NUC,9923.882,46870.498999999996,21.17,Clean
2002,Mississippi,MS,Nuclear,NUC,10059.459,41921.915,24.0,Clean
2003,Mississippi,MS,Nuclear,NUC,10902.456,37494.092,29.08,Clean
2004,Mississippi,MS,Nuclear,NUC,10232.766,39369.76908,25.99,Clean
2005,Mississippi,MS,Nuclear,NUC,10077.846,42093.96179,23.94,Clean
2006,Mississippi,MS,Nuclear,NUC,10418.586,44273.49105,23.53,Clean
2007,Mississippi,MS,Nuclear,NUC,9358.784,48143.60658,19.44,Clean
2008,Mississippi,MS,Nuclear,NUC,9396.79,46728.064360000004,20.11,Clean
2009,Mississippi,MS,Nuclear,NUC,10998.515,47248.21149,23.28,Clean
2010,Mississippi,MS,Nuclear,NUC,9643.241,52892.79416,18.23,Clean
2011,Mississippi,MS,Nuclear,NUC,10336.789,50025.50843,20.66,Clean
2012,Mississippi,MS,Nuclear,NUC,7296.134,53057.99984999999,13.75,Clean
2013,Mississippi,MS,Nuclear,NUC,10864.509,51342.69259,21.16,Clean
2014,Mississippi,MS,Nuclear,NUC,10252.183,53600.69829,19.13,Clean
2015,Mississippi,MS,Nuclear,NUC,11714.588,63231.136329999994,18.53,Clean
2016,Mississippi,MS,Nuclear,NUC,5897.272,61334.03668,9.62,Clean
2017,Mississippi,MS,Nuclear,NUC,7364.648,58237.27341,12.65,Clean
2018,Mississippi,MS,Nuclear,NUC,6919.47,62007.17692,11.16,Clean
2019,Mississippi,MS,Nuclear,NUC,11032.514,64549.69869,17.09,Clean
2020,Mississippi,MS,Nuclear,NUC,6470.934,65156.17842,9.93,Clean
2021,Mississippi,MS,Nuclear,NUC,11772.058,66348.70169,17.74,Clean
2022,Mississippi,MS,Nuclear,NUC,8600.33,66474.72849,12.94,Clean
2023,Mississippi,MS,Nuclear,NUC,11749.621,71587.01066,16.41,Clean
2024,Mississippi,MS,Nuclear,NUC,10653.403,76050.63715,14.01,Clean
2025,Mississippi,MS,Nuclear,NUC,11492.701,76804.58452,14.96,Clean
2024,Mississippi,MS,Wind,WND,346.724,76050.63715,0.46,Clean
2025,Mississippi,MS,Wind,WND,500.177,76804.58452,0.65,Clean
2016,Mississippi,MS,Solar,SUN,0.0,61334.03668,0.0,Clean
2017,Mississippi,MS,Solar,SUN,85.923,58237.27341,0.15,Clean
2018,Mississippi,MS,Solar,SUN,325.853,62007.17692,0.53,Clean
2019,Mississippi,MS,Solar,SUN,322.34,64549.69869,0.5,Clean
2020,Mississippi,MS,Solar,SUN,430.1171,65156.17842,0.66,Clean
2021,Mississippi,MS,Solar,SUN,424.931,66348.70169,0.64,Clean
2022,Mississippi,MS,Solar,SUN,503.86,66474.72849,0.76,Clean
2023,Mississippi,MS,Solar,SUN,632.843,71587.01066,0.88,Clean
2024,Mississippi,MS,Solar,SUN,1690.849,76050.63715,2.22,Clean
2025,Mississippi,MS,Solar,SUN,2874.99187,76804.58452,3.74,Clean
2001,Mississippi,MS,Other,OOG,0.0,46870.498999999996,0.0,Other
2002,Mississippi,MS,Other,OOG,37.916,41921.915,0.09,Other
2003,Mississippi,MS,Other,OOG,31.799,37494.092,0.08,Other
2004,Mississippi,MS,Other,OOG,40.74819,39369.76908,0.1,Other
2005,Mississippi,MS,Other,OOG,20.1664,42093.96179,0.05,Other
2006,Mississippi,MS,Other,OOG,43.72317,44273.49105,0.1,Other
2007,Mississippi,MS,Other,OOG,42.32481,48143.60658,0.09,Other
2008,Mississippi,MS,Other,OOG,40.44531,46728.064360000004,0.09,Other
2009,Mississippi,MS,Other,OOG,24.73496,47248.21149,0.05,Other
2010,Mississippi,MS,Other,OOG,1.63468,52892.79416,0.0,Other
2001,North Carolina,NC,Coal,COL,72957.767,114863.84300000001,63.52,Fossil
2002,North Carolina,NC,Coal,COL,75187.741,121868.37199999999,61.7,Fossil
2003,North Carolina,NC,Coal,COL,74776.231,124464.45700000001,60.08,Fossil
2004,North Carolina,NC,Coal,COL,75546.11521,123630.59181,61.11,Fossil
2005,North Carolina,NC,Coal,COL,78435.69998,126973.31789,61.77,Fossil
2006,North Carolina,NC,Coal,COL,75487.00513,122484.76377,61.63,Fossil
2007,North Carolina,NC,Coal,COL,79983.03837,127468.54462999999,62.75,Fossil
2008,North Carolina,NC,Coal,COL,75814.78659,122803.85163,61.74,Fossil
2009,North Carolina,NC,Coal,COL,65082.78246,115958.19836000001,56.13,Fossil
2010,North Carolina,NC,Coal,COL,71951.21356,125905.86872,57.15,Fossil
2011,North Carolina,NC,Coal,COL,59758.35712,115351.17859000001,51.81,Fossil
2012,North Carolina,NC,Coal,COL,50932.17966,113487.20862,44.88,Fossil
2013,North Carolina,NC,Coal,COL,47072.20959,122541.65097999999,38.41,Fossil
2014,North Carolina,NC,Coal,COL,49238.19687,124428.0387,39.57,Fossil
2015,North Carolina,NC,Coal,COL,39922.16767,124679.10768,32.02,Fossil
2016,North Carolina,NC,Coal,COL,37435.77975,127317.51522,29.4,Fossil
2017,North Carolina,NC,Coal,COL,34460.16678,124827.10282,27.61,Fossil
2018,North Carolina,NC,Coal,COL,31690.46872,130471.74579,24.29,Fossil
2019,North Carolina,NC,Coal,COL,30672.10113,127894.7939,23.98,Fossil
2020,North Carolina,NC,Coal,COL,20793.28877,121300.8836,17.14,Fossil
2021,North Carolina,NC,Coal,COL,20404.63829,127417.60086,16.01,Fossil
2022,North Carolina,NC,Coal,COL,14673.74341,131946.41045999998,11.12,Fossil
2023,North Carolina,NC,Coal,COL,14204.64671,124541.93413000001,11.41,Fossil
2024,North Carolina,NC,Coal,COL,17078.65156,133134.1888,12.83,Fossil
2025,North Carolina,NC,Coal,COL,17901.99936,133503.55077,13.41,Fossil
2001,North Carolina,NC,Natural Gas,NG,1534.355,114863.84300000001,1.34,Fossil
2002,North Carolina,NC,Natural Gas,NG,3560.871,121868.37199999999,2.92,Fossil
2003,North Carolina,NC,Natural Gas,NG,1580.366,124464.45700000001,1.27,Fossil
2004,North Carolina,NC,Natural Gas,NG,2558.65427,123630.59181,2.07,Fossil
2005,North Carolina,NC,Natural Gas,NG,3159.37691,126973.31789,2.49,Fossil
2006,North Carolina,NC,Natural Gas,NG,3195.56263,122484.76377,2.61,Fossil
2007,North Carolina,NC,Natural Gas,NG,4456.64275,127468.54462999999,3.5,Fossil
2008,North Carolina,NC,Natural Gas,NG,4177.34161,122803.85163,3.4,Fossil
2009,North Carolina,NC,Natural Gas,NG,4851.8851,115958.19836000001,4.18,Fossil
2010,North Carolina,NC,Natural Gas,NG,8447.23707,125905.86872,6.71,Fossil
2011,North Carolina,NC,Natural Gas,NG,11155.21102,115351.17859000001,9.67,Fossil
2012,North Carolina,NC,Natural Gas,NG,19302.00801,113487.20862,17.01,Fossil
2013,North Carolina,NC,Natural Gas,NG,27982.50908,122541.65097999999,22.84,Fossil
2014,North Carolina,NC,Natural Gas,NG,28737.60811,124428.0387,23.1,Fossil
2015,North Carolina,NC,Natural Gas,NG,36544.59645,124679.10768,29.31,Fossil
2016,North Carolina,NC,Natural Gas,NG,39251.1018,127317.51522,30.83,Fossil
2017,North Carolina,NC,Natural Gas,NG,38589.79418,124827.10282,30.91,Fossil
2018,North Carolina,NC,Natural Gas,NG,43445.74927,130471.74579,33.3,Fossil
2019,North Carolina,NC,Natural Gas,NG,41146.86497,127894.7939,32.17,Fossil
2020,North Carolina,NC,Natural Gas,NG,41401.32109,121300.8836,34.13,Fossil
2021,North Carolina,NC,Natural Gas,NG,47444.63372,127417.60086,37.24,Fossil
2022,North Carolina,NC,Natural Gas,NG,58131.39645,131946.41045999998,44.06,Fossil
2023,North Carolina,NC,Natural Gas,NG,51788.03063,124541.93413000001,41.58,Fossil
2024,North Carolina,NC,Natural Gas,NG,55503.19644,133134.1888,41.69,Fossil
2025,North Carolina,NC,Natural Gas,NG,54217.10011,133503.55077,40.61,Fossil
2001,North Carolina,NC,Nuclear,NUC,37775.025,114863.84300000001,32.89,Clean
2002,North Carolina,NC,Nuclear,NUC,39626.849,121868.37199999999,32.52,Clean
2003,North Carolina,NC,Nuclear,NUC,40906.9,124464.45700000001,32.87,Clean
2004,North Carolina,NC,Nuclear,NUC,40090.623,123630.59181,32.43,Clean
2005,North Carolina,NC,Nuclear,NUC,39981.739,126973.31789,31.49,Clean
2006,North Carolina,NC,Nuclear,NUC,39963.184,122484.76377,32.63,Clean
2007,North Carolina,NC,Nuclear,NUC,40044.705,127468.54462999999,31.42,Clean
2008,North Carolina,NC,Nuclear,NUC,39776.28,122803.85163,32.39,Clean
2009,North Carolina,NC,Nuclear,NUC,40847.711,115958.19836000001,35.23,Clean
2010,North Carolina,NC,Nuclear,NUC,40739.529,125905.86872,32.36,Clean
2011,North Carolina,NC,Nuclear,NUC,40526.834,115351.17859000001,35.13,Clean
2012,North Carolina,NC,Nuclear,NUC,39385.592,113487.20862,34.7,Clean
2013,North Carolina,NC,Nuclear,NUC,40241.737,122541.65097999999,32.84,Clean
2014,North Carolina,NC,Nuclear,NUC,40967.02,124428.0387,32.92,Clean
2015,North Carolina,NC,Nuclear,NUC,42096.761,124679.10768,33.76,Clean
2016,North Carolina,NC,Nuclear,NUC,42786.087,127317.51522,33.61,Clean
2017,North Carolina,NC,Nuclear,NUC,42374.264,124827.10282,33.95,Clean
2018,North Carolina,NC,Nuclear,NUC,42076.949,130471.74579,32.25,Clean
2019,North Carolina,NC,Nuclear,NUC,41915.605,127894.7939,32.77,Clean
2020,North Carolina,NC,Nuclear,NUC,42328.762,121300.8836,34.9,Clean
2021,North Carolina,NC,Nuclear,NUC,43117.707,127417.60086,33.84,Clean
2022,North Carolina,NC,Nuclear,NUC,42644.282,131946.41045999998,32.32,Clean
2023,North Carolina,NC,Nuclear,NUC,42335.726,124541.93413000001,33.99,Clean
2024,North Carolina,NC,Nuclear,NUC,43349.344,133134.1888,32.56,Clean
2025,North Carolina,NC,Nuclear,NUC,43046.739,133503.55077,32.24,Clean
2001,North Carolina,NC,Hydroelectric,HYC,2595.705,114863.84300000001,2.26,Clean
2002,North Carolina,NC,Hydroelectric,HYC,3492.048,121868.37199999999,2.87,Clean
2003,North Carolina,NC,Hydroelectric,HYC,7200.943,124464.45700000001,5.79,Clean
2004,North Carolina,NC,Hydroelectric,HYC,5435.19933,123630.59181,4.4,Clean
2005,North Carolina,NC,Hydroelectric,HYC,5396.502,126973.31789,4.25,Clean
2006,North Carolina,NC,Hydroelectric,HYC,3839.01201,122484.76377,3.13,Clean
2007,North Carolina,NC,Hydroelectric,HYC,2984.15851,127468.54462999999,2.34,Clean
2008,North Carolina,NC,Hydroelectric,HYC,3033.64243,122803.85163,2.47,Clean
2009,North Carolina,NC,Hydroelectric,HYC,5171.25654,115958.19836000001,4.46,Clean
2010,North Carolina,NC,Hydroelectric,HYC,4756.54904,125905.86872,3.78,Clean
2011,North Carolina,NC,Hydroelectric,HYC,3893.396,115351.17859000001,3.38,Clean
2012,North Carolina,NC,Hydroelectric,HYC,3727.93821,113487.20862,3.28,Clean
2013,North Carolina,NC,Hydroelectric,HYC,6900.5325,122541.65097999999,5.63,Clean
2014,North Carolina,NC,Hydroelectric,HYC,4756.08324,124428.0387,3.82,Clean
2015,North Carolina,NC,Hydroelectric,HYC,4742.004,124679.10768,3.8,Clean
2016,North Carolina,NC,Hydroelectric,HYC,4417.186,127317.51522,3.47,Clean
2017,North Carolina,NC,Hydroelectric,HYC,3818.017,124827.10282,3.06,Clean
2018,North Carolina,NC,Hydroelectric,HYC,6605.429,130471.74579,5.06,Clean
2019,North Carolina,NC,Hydroelectric,HYC,6185.7458,127894.7939,4.84,Clean
2020,North Carolina,NC,Hydroelectric,HYC,7957.492,121300.8836,6.56,Clean
2021,North Carolina,NC,Hydroelectric,HYC,5812.758,127417.60086,4.56,Clean
2022,North Carolina,NC,Hydroelectric,HYC,4686.291,131946.41045999998,3.55,Clean
2023,North Carolina,NC,Hydroelectric,HYC,4225.25855,124541.93413000001,3.39,Clean
2024,North Carolina,NC,Hydroelectric,HYC,4829.07488,133134.1888,3.63,Clean
2025,North Carolina,NC,Hydroelectric,HYC,4649.59296,133503.55077,3.48,Clean
2016,North Carolina,NC,Wind,WND,6.233,127317.51522,0.0,Clean
2017,North Carolina,NC,Wind,WND,470.743,124827.10282,0.38,Clean
2018,North Carolina,NC,Wind,WND,542.772,130471.74579,0.42,Clean
2019,North Carolina,NC,Wind,WND,523.139,127894.7939,0.41,Clean
2020,North Carolina,NC,Wind,WND,546.267,121300.8836,0.45,Clean
2021,North Carolina,NC,Wind,WND,514.703,127417.60086,0.4,Clean
2022,North Carolina,NC,Wind,WND,546.755,131946.41045999998,0.41,Clean
2023,North Carolina,NC,Wind,WND,528.896,124541.93413000001,0.42,Clean
2024,North Carolina,NC,Wind,WND,530.043,133134.1888,0.4,Clean
2025,North Carolina,NC,Wind,WND,936.254,133503.55077,0.7,Clean
2008,North Carolina,NC,Solar,SUN,1.801,122803.85163,0.0,Clean
2009,North Carolina,NC,Solar,SUN,4.56326,115958.19836000001,0.0,Clean
2010,North Carolina,NC,Solar,SUN,11.34005,125905.86872,0.01,Clean
2011,North Carolina,NC,Solar,SUN,17.38045,115351.17859000001,0.02,Clean
2012,North Carolina,NC,Solar,SUN,139.49074,113487.20862,0.12,Clean
2013,North Carolina,NC,Solar,SUN,344.66281,122541.65097999999,0.28,Clean
2014,North Carolina,NC,Solar,SUN,729.13048,124428.0387,0.59,Clean
2015,North Carolina,NC,Solar,SUN,1373.57856,124679.10768,1.1,Clean
2016,North Carolina,NC,Solar,SUN,3421.12767,127317.51522,2.69,Clean
2017,North Carolina,NC,Solar,SUN,5114.11786,124827.10282,4.1,Clean
2018,North Carolina,NC,Solar,SUN,6110.3778,130471.74579,4.68,Clean
2019,North Carolina,NC,Solar,SUN,7451.338,127894.7939,5.83,Clean
2020,North Carolina,NC,Solar,SUN,8273.75274,121300.8836,6.82,Clean
2021,North Carolina,NC,Solar,SUN,10123.16085,127417.60086,7.94,Clean
2022,North Carolina,NC,Solar,SUN,11263.9426,131946.41045999998,8.54,Clean
2023,North Carolina,NC,Solar,SUN,11459.37624,124541.93413000001,9.2,Clean
2024,North Carolina,NC,Solar,SUN,11843.87892,133134.1888,8.9,Clean
2025,North Carolina,NC,Solar,SUN,12751.86534,133503.55077,9.55,Clean
2001,North Carolina,NC,Other,OOG,0.991,114863.84300000001,0.0,Other
2002,North Carolina,NC,Other,OOG,0.863,121868.37199999999,0.0,Other
2003,North Carolina,NC,Other,OOG,0.017,124464.45700000001,0.0,Other
2004,North Carolina,NC,Other,OOG,0.0,123630.59181,0.0,Other
2005,North Carolina,NC,Other,OOG,0.0,126973.31789,0.0,Other
2006,North Carolina,NC,Other,OOG,0.0,122484.76377,0.0,Other
2007,North Carolina,NC,Other,OOG,0.0,127468.54462999999,0.0,Other
2008,North Carolina,NC,Other,OOG,0.0,122803.85163,0.0,Other
2009,North Carolina,NC,Other,OOG,0.0,115958.19836000001,0.0,Other
2010,North Carolina,NC,Other,OOG,0.0,125905.86872,0.0,Other
2001,South Carolina,SC,Coal,COL,36699.004,88970.757,41.25,Fossil
2002,South Carolina,SC,Coal,COL,36947.722,96161.96,38.42,Fossil
2003,South Carolina,SC,Coal,COL,37432.023,93177.994,40.17,Fossil
2004,South Carolina,SC,Coal,COL,38922.22046,96367.63734,40.39,Fossil
2005,South Carolina,SC,Coal,COL,39692.05883,101187.58481,39.23,Fossil
2006,South Carolina,SC,Coal,COL,39472.84592,98145.24223,40.22,Fossil
2007,South Carolina,SC,Coal,COL,41582.66952,102303.06825,40.65,Fossil
2008,South Carolina,SC,Coal,COL,41539.69468,100154.74759,41.48,Fossil
2009,South Carolina,SC,Coal,COL,34477.51233,98739.44425,34.92,Fossil
2010,South Carolina,SC,Coal,COL,37671.11794,102962.8784,36.59,Fossil
2011,South Carolina,SC,Coal,COL,34168.54897,101561.64856,33.64,Fossil
2012,South Carolina,SC,Coal,COL,28396.14484,95293.59763,29.8,Fossil
2013,South Carolina,SC,Coal,COL,24407.14778,93653.57896,26.06,Fossil
2014,South Carolina,SC,Coal,COL,28914.3068,95313.41083000001,30.34,Fossil
2015,South Carolina,SC,Coal,COL,22631.17346,94905.37931,23.85,Fossil
2016,South Carolina,SC,Coal,COL,21002.91354,95426.72872,22.01,Fossil
2017,South Carolina,SC,Coal,COL,18151.74449,91567.19868,19.82,Fossil
2018,South Carolina,SC,Coal,COL,19497.48466,97391.96389,20.02,Fossil
2019,South Carolina,SC,Coal,COL,14861.49529,98724.91593,15.05,Fossil
2020,South Carolina,SC,Coal,COL,12459.09319,97022.46154,12.84,Fossil
2021,South Carolina,SC,Coal,COL,15188.40071,97025.53509,15.65,Fossil
2022,South Carolina,SC,Coal,COL,14243.46192,97359.16955,14.63,Fossil
2023,South Carolina,SC,Coal,COL,15150.42088,99425.92278,15.24,Fossil
2024,South Carolina,SC,Coal,COL,16841.75599,98758.23548,17.05,Fossil
2025,South Carolina,SC,Coal,COL,18177.80799,103147.55376,17.62,Fossil
2001,South Carolina,SC,Natural Gas,NG,1176.114,88970.757,1.32,Fossil
2002,South Carolina,SC,Natural Gas,NG,4498.319,96161.96,4.68,Fossil
2003,South Carolina,SC,Natural Gas,NG,1662.782,93177.994,1.78,Fossil
2004,South Carolina,SC,Natural Gas,NG,3797.85798,96367.63734,3.94,Fossil
2005,South Carolina,SC,Natural Gas,NG,5414.18307,101187.58481,5.35,Fossil
2006,South Carolina,SC,Natural Gas,NG,6068.06078,98145.24223,6.18,Fossil
2007,South Carolina,SC,Natural Gas,NG,5964.55849,102303.06825,5.83,Fossil
2008,South Carolina,SC,Natural Gas,NG,5728.98791,100154.74759,5.72,Fossil
2009,South Carolina,SC,Natural Gas,NG,9780.19264,98739.44425,9.91,Fossil
2010,South Carolina,SC,Natural Gas,NG,10927.23746,102962.8784,10.61,Fossil
2011,South Carolina,SC,Natural Gas,NG,12936.34259,101561.64856,12.74,Fossil
2012,South Carolina,SC,Natural Gas,NG,14331.87879,95293.59763,15.04,Fossil
2013,South Carolina,SC,Natural Gas,NG,11834.07418,93653.57896,12.64,Fossil
2014,South Carolina,SC,Natural Gas,NG,11406.64003,95313.41083000001,11.97,Fossil
2015,South Carolina,SC,Natural Gas,NG,16549.30625,94905.37931,17.44,Fossil
2016,South Carolina,SC,Natural Gas,NG,16366.85418,95426.72872,17.15,Fossil
2017,South Carolina,SC,Natural Gas,NG,17156.33919,91567.19868,18.74,Fossil
2018,South Carolina,SC,Natural Gas,NG,21653.79635,97391.96389,22.23,Fossil
2019,South Carolina,SC,Natural Gas,NG,23925.64456,98724.91593,24.23,Fossil
2020,South Carolina,SC,Natural Gas,NG,24227.92982,97022.46154,24.97,Fossil
2021,South Carolina,SC,Natural Gas,NG,23242.29838,97025.53509,23.95,Fossil
2022,South Carolina,SC,Natural Gas,NG,24143.89496,97359.16955,24.8,Fossil
2023,South Carolina,SC,Natural Gas,NG,23691.4439,99425.92278,23.83,Fossil
2024,South Carolina,SC,Natural Gas,NG,22808.74307,98758.23548,23.1,Fossil
2025,South Carolina,SC,Natural Gas,NG,22490.09809,103147.55376,21.8,Fossil
2001,South Carolina,SC,Nuclear,NUC,49869.998,88970.757,56.05,Clean
2002,South Carolina,SC,Nuclear,NUC,53325.854,96161.96,55.45,Clean
2003,South Carolina,SC,Nuclear,NUC,50417.69,93177.994,54.11,Clean
2004,South Carolina,SC,Nuclear,NUC,51200.64,96367.63734,53.13,Clean
2005,South Carolina,SC,Nuclear,NUC,53137.554,101187.58481,52.51,Clean
2006,South Carolina,SC,Nuclear,NUC,50797.372,98145.24223,51.76,Clean
2007,South Carolina,SC,Nuclear,NUC,53199.914,102303.06825,52.0,Clean
2008,South Carolina,SC,Nuclear,NUC,51762.95,100154.74759,51.68,Clean
2009,South Carolina,SC,Nuclear,NUC,52149.734,98739.44425,52.82,Clean
2010,South Carolina,SC,Nuclear,NUC,51988.079,102962.8784,50.49,Clean
2011,South Carolina,SC,Nuclear,NUC,52902.576,101561.64856,52.09,Clean
2012,South Carolina,SC,Nuclear,NUC,51145.302,95293.59763,53.67,Clean
2013,South Carolina,SC,Nuclear,NUC,54251.968,93653.57896,57.93,Clean
2014,South Carolina,SC,Nuclear,NUC,52418.553,95313.41083000001,55.0,Clean
2015,South Carolina,SC,Nuclear,NUC,53156.32,94905.37931,56.01,Clean
2016,South Carolina,SC,Nuclear,NUC,55825.916,95426.72872,58.5,Clean
2017,South Carolina,SC,Nuclear,NUC,54344.554,91567.19868,59.35,Clean
2018,South Carolina,SC,Nuclear,NUC,52716.469,97391.96389,54.13,Clean
2019,South Carolina,SC,Nuclear,NUC,56103.043,98724.91593,56.83,Clean
2020,South Carolina,SC,Nuclear,NUC,54751.088,97022.46154,56.43,Clean
2021,South Carolina,SC,Nuclear,NUC,53771.428,97025.53509,55.42,Clean
2022,South Carolina,SC,Nuclear,NUC,54369.751,97359.16955,55.84,Clean
2023,South Carolina,SC,Nuclear,NUC,55622.34,99425.92278,55.94,Clean
2024,South Carolina,SC,Nuclear,NUC,53770.407,98758.23548,54.45,Clean
2025,South Carolina,SC,Nuclear,NUC,56670.524,103147.55376,54.94,Clean
2001,South Carolina,SC,Hydroelectric,HYC,1225.443,88970.757,1.38,Clean
2002,South Carolina,SC,Hydroelectric,HYC,1389.751,96161.96,1.45,Clean
2003,South Carolina,SC,Hydroelectric,HYC,3665.426,93177.994,3.93,Clean
2004,South Carolina,SC,Hydroelectric,HYC,2446.90938,96367.63734,2.54,Clean
2005,South Carolina,SC,Hydroelectric,HYC,2938.147,101187.58481,2.9,Clean
2006,South Carolina,SC,Hydroelectric,HYC,1806.948,98145.24223,1.84,Clean
2007,South Carolina,SC,Hydroelectric,HYC,1555.9116,102303.06825,1.52,Clean
2008,South Carolina,SC,Hydroelectric,HYC,1123.115,100154.74759,1.12,Clean
2009,South Carolina,SC,Hydroelectric,HYC,2332.00528,98739.44425,2.36,Clean
2010,South Carolina,SC,Hydroelectric,HYC,2376.444,102962.8784,2.31,Clean
2011,South Carolina,SC,Hydroelectric,HYC,1554.181,101561.64856,1.53,Clean
2012,South Carolina,SC,Hydroelectric,HYC,1420.272,95293.59763,1.49,Clean
2013,South Carolina,SC,Hydroelectric,HYC,3160.274,93653.57896,3.37,Clean
2014,South Carolina,SC,Hydroelectric,HYC,2569.126,95313.41083000001,2.7,Clean
2015,South Carolina,SC,Hydroelectric,HYC,2564.3596,94905.37931,2.7,Clean
2016,South Carolina,SC,Hydroelectric,HYC,2226.074,95426.72872,2.33,Clean
2017,South Carolina,SC,Hydroelectric,HYC,1835.039,91567.19868,2.0,Clean
2018,South Carolina,SC,Hydroelectric,HYC,3013.72,97391.96389,3.09,Clean
2019,South Carolina,SC,Hydroelectric,HYC,2976.18708,98724.91593,3.01,Clean
2020,South Carolina,SC,Hydroelectric,HYC,3862.805,97022.46154,3.98,Clean
2021,South Carolina,SC,Hydroelectric,HYC,2543.758,97025.53509,2.62,Clean
2022,South Carolina,SC,Hydroelectric,HYC,2180.514,97359.16955,2.24,Clean
2023,South Carolina,SC,Hydroelectric,HYC,2199.306,99425.92278,2.21,Clean
2024,South Carolina,SC,Hydroelectric,HYC,2411.673,98758.23548,2.44,Clean
2025,South Carolina,SC,Hydroelectric,HYC,2497.0457,103147.55376,2.42,Clean
2013,South Carolina,SC,Solar,SUN,0.115,93653.57896,0.0,Clean
2014,South Carolina,SC,Solar,SUN,4.785,95313.41083000001,0.01,Clean
2015,South Carolina,SC,Solar,SUN,4.22,94905.37931,0.0,Clean
2016,South Carolina,SC,Solar,SUN,4.971,95426.72872,0.01,Clean
2017,South Carolina,SC,Solar,SUN,79.522,91567.19868,0.09,Clean
2018,South Carolina,SC,Solar,SUN,510.49388,97391.96389,0.52,Clean
2019,South Carolina,SC,Solar,SUN,858.546,98724.91593,0.87,Clean
2020,South Carolina,SC,Solar,SUN,1721.54553,97022.46154,1.77,Clean
2021,South Carolina,SC,Solar,SUN,2279.65,97025.53509,2.35,Clean
2022,South Carolina,SC,Solar,SUN,2421.54767,97359.16955,2.49,Clean
2023,South Carolina,SC,Solar,SUN,2762.412,99425.92278,2.78,Clean
2024,South Carolina,SC,Solar,SUN,2925.65642,98758.23548,2.96,Clean
2025,South Carolina,SC,Solar,SUN,3312.07798,103147.55376,3.21,Clean
2001,South Carolina,SC,Other,OOG,0.198,88970.757,0.0,Other
2002,South Carolina,SC,Other,OOG,0.314,96161.96,0.0,Other
2003,South Carolina,SC,Other,OOG,0.073,93177.994,0.0,Other
2004,South Carolina,SC,Other,OOG,0.00952,96367.63734,0.0,Other
2005,South Carolina,SC,Other,OOG,5.64191,101187.58481,0.01,Other
2006,South Carolina,SC,Other,OOG,0.01553,98145.24223,0.0,Other
2007,South Carolina,SC,Other,OOG,0.01464,102303.06825,0.0,Other
2008,South Carolina,SC,Other,OOG,0.0,100154.74759,0.0,Other
2009,South Carolina,SC,Other,OOG,0.0,98739.44425,0.0,Other
2010,South Carolina,SC,Other,OOG,0.0,102962.8784,0.0,Other
2001,Tennessee,TN,Coal,COL,59730.032,95726.991,62.4,Fossil
2002,Tennessee,TN,Coal,COL,59705.681,95738.78199999999,62.36,Fossil
2003,Tennessee,TN,Coal,COL,54921.298,91711.278,59.88,Fossil
2004,Tennessee,TN,Coal,COL,58059.63209,97389.63913,59.62,Fossil
2005,Tennessee,TN,Coal,COL,59051.47609,96713.22692,61.06,Fossil
2006,Tennessee,TN,Coal,COL,60497.84574,93657.77923,64.59,Fossil
2007,Tennessee,TN,Coal,COL,60237.33012,94662.56524,63.63,Fossil
2008,Tennessee,TN,Coal,COL,57058.12937,90263.19659,63.21,Fossil
2009,Tennessee,TN,Coal,COL,41633.24028,79280.28202,52.51,Fossil
2010,Tennessee,TN,Coal,COL,43670.19593,81903.62807,53.32,Fossil
2011,Tennessee,TN,Coal,COL,40777.22426,80601.23136,50.59,Fossil
2012,Tennessee,TN,Coal,COL,35419.3091,76965.39036,46.02,Fossil
2013,Tennessee,TN,Coal,COL,32485.83082,78519.53334,41.37,Fossil
2014,Tennessee,TN,Coal,COL,35874.58198,78736.52334,45.56,Fossil
2015,Tennessee,TN,Coal,COL,30586.33134,74585.72189,41.01,Fossil
2016,Tennessee,TN,Coal,COL,31167.63357,78970.04773,39.47,Fossil
2017,Tennessee,TN,Coal,COL,27715.28404,78639.59847,35.24,Fossil
2018,Tennessee,TN,Coal,COL,20966.71304,81054.30141,25.87,Fossil
2019,Tennessee,TN,Coal,COL,18692.16847,81874.09116,22.83,Fossil
2020,Tennessee,TN,Coal,COL,14245.27244,80429.09115000001,17.71,Fossil
2021,Tennessee,TN,Coal,COL,18259.79637,78825.1048,23.16,Fossil
2022,Tennessee,TN,Coal,COL,15885.53977,77943.1521,20.38,Fossil
2023,Tennessee,TN,Coal,COL,15792.90869,77790.38508000001,20.3,Fossil
2024,Tennessee,TN,Coal,COL,17434.86799,76144.68694,22.9,Fossil
2025,Tennessee,TN,Coal,COL,18034.74496,74605.07779,24.17,Fossil
2001,Tennessee,TN,Natural Gas,NG,455.503,95726.991,0.48,Fossil
2002,Tennessee,TN,Natural Gas,NG,469.573,95738.78199999999,0.49,Fossil
2003,Tennessee,TN,Natural Gas,NG,626.987,91711.278,0.68,Fossil
2004,Tennessee,TN,Natural Gas,NG,292.4862,97389.63913,0.3,Fossil
2005,Tennessee,TN,Natural Gas,NG,531.16478,96713.22692,0.55,Fossil
2006,Tennessee,TN,Natural Gas,NG,664.27366,93657.77923,0.71,Fossil
2007,Tennessee,TN,Natural Gas,NG,721.8381,94662.56524,0.76,Fossil
2008,Tennessee,TN,Natural Gas,NG,467.22997,90263.19659,0.52,Fossil
2009,Tennessee,TN,Natural Gas,NG,409.32141,79280.28202,0.52,Fossil
2010,Tennessee,TN,Natural Gas,NG,2302.38381,81903.62807,2.81,Fossil
2011,Tennessee,TN,Natural Gas,NG,3259.35881,80601.23136,4.04,Fossil
2012,Tennessee,TN,Natural Gas,NG,8075.15951,76965.39036,10.49,Fossil
2013,Tennessee,TN,Natural Gas,NG,5016.69826,78519.53334,6.39,Fossil
2014,Tennessee,TN,Natural Gas,NG,6199.61781,78736.52334,7.87,Fossil
2015,Tennessee,TN,Natural Gas,NG,9323.73042,74585.72189,12.5,Fossil
2016,Tennessee,TN,Natural Gas,NG,11318.51475,78970.04773,14.33,Fossil
2017,Tennessee,TN,Natural Gas,NG,10268.36115,78639.59847,13.06,Fossil
2018,Tennessee,TN,Natural Gas,NG,13398.70334,81054.30141,16.53,Fossil
2019,Tennessee,TN,Natural Gas,NG,16955.1531,81874.09116,20.71,Fossil
2020,Tennessee,TN,Natural Gas,NG,15668.11964,80429.09115000001,19.48,Fossil
2021,Tennessee,TN,Natural Gas,NG,13986.00577,78825.1048,17.74,Fossil
2022,Tennessee,TN,Natural Gas,NG,16520.81238,77943.1521,21.2,Fossil
2023,Tennessee,TN,Natural Gas,NG,15029.97376,77790.38508000001,19.32,Fossil
2024,Tennessee,TN,Natural Gas,NG,16483.40481,76144.68694,21.65,Fossil
2025,Tennessee,TN,Natural Gas,NG,17549.73567,74605.07779,23.52,Fossil
2001,Tennessee,TN,Nuclear,NUC,28576.431,95726.991,29.85,Clean
2002,Tennessee,TN,Nuclear,NUC,27573.925,95738.78199999999,28.8,Clean
2003,Tennessee,TN,Nuclear,NUC,24152.58,91711.278,26.34,Clean
2004,Tennessee,TN,Nuclear,NUC,28612.271,97389.63913,29.38,Clean
2005,Tennessee,TN,Nuclear,NUC,27803.108,96713.22692,28.75,Clean
2006,Tennessee,TN,Nuclear,NUC,24678.777,93657.77923,26.35,Clean
2007,Tennessee,TN,Nuclear,NUC,28700.371,94662.56524,30.32,Clean
2008,Tennessee,TN,Nuclear,NUC,27029.617,90263.19659,29.95,Clean
2009,Tennessee,TN,Nuclear,NUC,26962.001,79280.28202,34.01,Clean
2010,Tennessee,TN,Nuclear,NUC,27739.221,81903.62807,33.87,Clean
2011,Tennessee,TN,Nuclear,NUC,26919.177,80601.23136,33.4,Clean
2012,Tennessee,TN,Nuclear,NUC,25102.101,76965.39036,32.61,Clean
2013,Tennessee,TN,Nuclear,NUC,28493.814,78519.53334,36.29,Clean
2014,Tennessee,TN,Nuclear,NUC,27670.006,78736.52334,35.14,Clean
2015,Tennessee,TN,Nuclear,NUC,24960.472,74585.72189,33.47,Clean
2016,Tennessee,TN,Nuclear,NUC,29578.086,78970.04773,37.45,Clean
2017,Tennessee,TN,Nuclear,NUC,31817.502,78639.59847,40.46,Clean
2018,Tennessee,TN,Nuclear,NUC,36176.382,81054.30141,44.63,Clean
2019,Tennessee,TN,Nuclear,NUC,35720.405,81874.09116,43.63,Clean
2020,Tennessee,TN,Nuclear,NUC,36688.195,80429.09115000001,45.62,Clean
2021,Tennessee,TN,Nuclear,NUC,35330.407,78825.1048,44.82,Clean
2022,Tennessee,TN,Nuclear,NUC,35635.4,77943.1521,45.72,Clean
2023,Tennessee,TN,Nuclear,NUC,37937.437,77790.38508000001,48.77,Clean
2024,Tennessee,TN,Nuclear,NUC,32185.96,76144.68694,42.27,Clean
2025,Tennessee,TN,Nuclear,NUC,29333.225,74605.07779,39.32,Clean
2001,Tennessee,TN,Hydroelectric,HYC,6946.529,95726.991,7.26,Clean
2002,Tennessee,TN,Hydroelectric,HYC,7973.662,95738.78199999999,8.33,Clean
2003,Tennessee,TN,Hydroelectric,HYC,12003.646,91711.278,13.09,Clean
2004,Tennessee,TN,Hydroelectric,HYC,10408.112,97389.63913,10.69,Clean
2005,Tennessee,TN,Hydroelectric,HYC,9309.541,96713.22692,9.63,Clean
2006,Tennessee,TN,Hydroelectric,HYC,7748.65,93657.77923,8.27,Clean
2007,Tennessee,TN,Hydroelectric,HYC,4939.601,94662.56524,5.22,Clean
2008,Tennessee,TN,Hydroelectric,HYC,5646.073,90263.19659,6.26,Clean
2009,Tennessee,TN,Hydroelectric,HYC,10211.962,79280.28202,12.88,Clean
2010,Tennessee,TN,Hydroelectric,HYC,8137.795,81903.62807,9.94,Clean
2011,Tennessee,TN,Hydroelectric,HYC,9575.639,80601.23136,11.88,Clean
2012,Tennessee,TN,Hydroelectric,HYC,8295.66,76965.39036,10.78,Clean
2013,Tennessee,TN,Hydroelectric,HYC,12443.283,78519.53334,15.85,Clean
2014,Tennessee,TN,Hydroelectric,HYC,8900.65,78736.52334,11.3,Clean
2015,Tennessee,TN,Hydroelectric,HYC,9581.24,74585.72189,12.85,Clean
2016,Tennessee,TN,Hydroelectric,HYC,6774.061,78970.04773,8.58,Clean
2017,Tennessee,TN,Hydroelectric,HYC,8691.134,78639.59847,11.05,Clean
2018,Tennessee,TN,Hydroelectric,HYC,10292.725,81054.30141,12.7,Clean
2019,Tennessee,TN,Hydroelectric,HYC,10129.824,81874.09116,12.37,Clean
2020,Tennessee,TN,Hydroelectric,HYC,13452.392,80429.09115000001,16.73,Clean
2021,Tennessee,TN,Hydroelectric,HYC,10871.48,78825.1048,13.79,Clean
2022,Tennessee,TN,Hydroelectric,HYC,9198.077,77943.1521,11.8,Clean
2023,Tennessee,TN,Hydroelectric,HYC,8041.52,77790.38508000001,10.34,Clean
2024,Tennessee,TN,Hydroelectric,HYC,8911.409,76144.68694,11.7,Clean
2025,Tennessee,TN,Hydroelectric,HYC,8367.43698,74605.07779,11.22,Clean
2002,Tennessee,TN,Wind,WND,4.068,95738.78199999999,0.0,Clean
2003,Tennessee,TN,Wind,WND,3.933,91711.278,0.0,Clean
2004,Tennessee,TN,Wind,WND,3.813,97389.63913,0.0,Clean
2005,Tennessee,TN,Wind,WND,3.339,96713.22692,0.0,Clean
2006,Tennessee,TN,Wind,WND,54.598,93657.77923,0.06,Clean
2007,Tennessee,TN,Wind,WND,49.937,94662.56524,0.05,Clean
2008,Tennessee,TN,Wind,WND,50.117,90263.19659,0.06,Clean
2009,Tennessee,TN,Wind,WND,51.747,79280.28202,0.07,Clean
2010,Tennessee,TN,Wind,WND,40.57,81903.62807,0.05,Clean
2011,Tennessee,TN,Wind,WND,53.143,80601.23136,0.07,Clean
2012,Tennessee,TN,Wind,WND,47.492,76965.39036,0.06,Clean
2013,Tennessee,TN,Wind,WND,46.745,78519.53334,0.06,Clean
2014,Tennessee,TN,Wind,WND,51.14,78736.52334,0.06,Clean
2015,Tennessee,TN,Wind,WND,45.841,74585.72189,0.06,Clean
2016,Tennessee,TN,Wind,WND,37.747,78970.04773,0.05,Clean
2017,Tennessee,TN,Wind,WND,43.327,78639.59847,0.06,Clean
2018,Tennessee,TN,Wind,WND,41.009,81054.30141,0.05,Clean
2019,Tennessee,TN,Wind,WND,37.976,81874.09116,0.05,Clean
2020,Tennessee,TN,Wind,WND,39.185,80429.09115000001,0.05,Clean
2021,Tennessee,TN,Wind,WND,28.186,78825.1048,0.04,Clean
2022,Tennessee,TN,Wind,WND,14.865,77943.1521,0.02,Clean
2023,Tennessee,TN,Wind,WND,16.213,77790.38508000001,0.02,Clean
2024,Tennessee,TN,Wind,WND,13.186,76144.68694,0.02,Clean
2025,Tennessee,TN,Wind,WND,0.0,74605.07779,0.0,Clean
2012,Tennessee,TN,Solar,SUN,12.18323,76965.39036,0.02,Clean
2013,Tennessee,TN,Solar,SUN,20.394,78519.53334,0.03,Clean
2014,Tennessee,TN,Solar,SUN,27.481,78736.52334,0.03,Clean
2015,Tennessee,TN,Solar,SUN,76.147,74585.72189,0.1,Clean
2016,Tennessee,TN,Solar,SUN,78.617,78970.04773,0.1,Clean
2017,Tennessee,TN,Solar,SUN,92.342,78639.59847,0.12,Clean
2018,Tennessee,TN,Solar,SUN,167.594,81054.30141,0.21,Clean
2019,Tennessee,TN,Solar,SUN,326.32408,81874.09116,0.4,Clean
2020,Tennessee,TN,Solar,SUN,324.6522,80429.09115000001,0.4,Clean
2021,Tennessee,TN,Solar,SUN,338.576,78825.1048,0.43,Clean
2022,Tennessee,TN,Solar,SUN,676.977,77943.1521,0.87,Clean
2023,Tennessee,TN,Solar,SUN,961.486,77790.38508000001,1.24,Clean
2024,Tennessee,TN,Solar,SUN,1104.334,76144.68694,1.45,Clean
2025,Tennessee,TN,Solar,SUN,1309.64746,74605.07779,1.76,Clean
2001,Tennessee,TN,Other,OOG,18.496,95726.991,0.02,Other
2002,Tennessee,TN,Other,OOG,11.873,95738.78199999999,0.01,Other
2003,Tennessee,TN,Other,OOG,2.834,91711.278,0.0,Other
2004,Tennessee,TN,Other,OOG,13.32484,97389.63913,0.01,Other
2005,Tennessee,TN,Other,OOG,14.59805,96713.22692,0.02,Other
2006,Tennessee,TN,Other,OOG,13.63483,93657.77923,0.01,Other
2007,Tennessee,TN,Other,OOG,13.48802,94662.56524,0.01,Other
2008,Tennessee,TN,Other,OOG,12.03025,90263.19659,0.01,Other
2009,Tennessee,TN,Other,OOG,12.01033,79280.28202,0.02,Other
2010,Tennessee,TN,Other,OOG,13.46233,81903.62807,0.02,Other
2011,Tennessee,TN,Other,OOG,16.68929,80601.23136,0.02,Other
2012,Tennessee,TN,Other,OOG,13.48552,76965.39036,0.02,Other
2013,Tennessee,TN,Other,OOG,12.76826,78519.53334,0.02,Other
2014,Tennessee,TN,Other,OOG,13.04655,78736.52334,0.02,Other
2015,Tennessee,TN,Other,OOG,11.96013,74585.72189,0.02,Other
2016,Tennessee,TN,Other,OOG,15.38841,78970.04773,0.02,Other
2017,Tennessee,TN,Other,OOG,11.64828,78639.59847,0.01,Other
2018,Tennessee,TN,Other,OOG,11.17503,81054.30141,0.01,Other
2019,Tennessee,TN,Other,OOG,12.24051,81874.09116,0.01,Other
2020,Tennessee,TN,Other,OOG,11.27487,80429.09115000001,0.01,Other
2021,Tennessee,TN,Other,OOG,10.65366,78825.1048,0.01,Other
2022,Tennessee,TN,Other,OOG,11.48095,77943.1521,0.01,Other
2023,Tennessee,TN,Other,OOG,10.84663,77790.38508000001,0.01,Other
2024,Tennessee,TN,Other,OOG,11.52514,76144.68694,0.02,Other
2025,Tennessee,TN,Other,OOG,10.28772,74605.07779,0.01,Other
